Date,Z_Score,Signal,Position
2025-01-02 14:30:00+00:00,-1.8832486287468544,0,0
2025-01-02 15:30:00+00:00,-2.021967431202233,0,0
2025-01-02 16:30:00+00:00,-2.074504323236812,0,0
2025-01-02 17:30:00+00:00,-2.1488333223475626,0,0
2025-01-02 18:30:00+00:00,-2.162187349879048,0,0
2025-01-02 19:30:00+00:00,-2.117515152742377,0,0
2025-01-02 20:30:00+00:00,-2.118542684819159,0,0
2025-01-03 14:30:00+00:00,-2.0916862780630527,0,0
2025-01-03 15:30:00+00:00,-2.0531908105831183,0,0
2025-01-03 16:30:00+00:00,-2.0783700376507968,0,0
2025-01-03 17:30:00+00:00,-2.057911590364368,0,0
2025-01-03 18:30:00+00:00,-2.0634833298434767,0,0
2025-01-03 19:30:00+00:00,-2.1016538448355253,0,0
2025-01-03 20:30:00+00:00,-2.1854337216010387,0,0
2025-01-06 14:30:00+00:00,-2.510797229652633,0,0
2025-01-06 15:30:00+00:00,-2.4275506519201695,0,0
2025-01-06 16:30:00+00:00,-2.427668859973623,0,0
2025-01-06 17:30:00+00:00,-2.501138080352186,0,0
2025-01-06 18:30:00+00:00,-2.5652297777886663,0,0
2025-01-06 19:30:00+00:00,-2.6729311837338736,0,0
2025-01-06 20:30:00+00:00,-2.63322798846599,0,0
2025-01-07 14:30:00+00:00,-2.3497202787882108,0,0
2025-01-07 15:30:00+00:00,-2.530246700847001,0,0
2025-01-07 16:30:00+00:00,-2.5851343351871954,0,0
2025-01-07 17:30:00+00:00,-2.599305108170662,0,0
2025-01-07 18:30:00+00:00,-2.6169136213207604,0,0
2025-01-07 19:30:00+00:00,-2.7076121243125715,0,0
2025-01-07 20:30:00+00:00,-2.657851505585202,0,0
2025-01-08 14:30:00+00:00,-2.5485185878930863,0,0
2025-01-08 15:30:00+00:00,-2.4919995226562355,0,0
2025-01-08 16:30:00+00:00,-2.507329162056613,0,0
2025-01-08 17:30:00+00:00,-2.521591622786117,0,0
2025-01-08 18:30:00+00:00,-2.4284593422296545,0,0
2025-01-08 19:30:00+00:00,-2.353847913158251,0,0
2025-01-08 20:30:00+00:00,-2.324918815874973,0,0
2025-01-10 14:30:00+00:00,-2.7133210466879767,0,0
2025-01-10 15:30:00+00:00,-2.7358508398635437,0,0
2025-01-10 16:30:00+00:00,-2.8113589512976827,0,0
2025-01-10 17:30:00+00:00,-2.7987834940541645,0,0
2025-01-10 18:30:00+00:00,-2.7440854136282833,0,0
2025-01-10 19:30:00+00:00,-2.7182924187846056,0,0
2025-01-10 20:30:00+00:00,-2.684062792979789,0,0
2025-01-13 14:30:00+00:00,-2.625652001044034,0,0
2025-01-13 15:30:00+00:00,-2.532050849191872,0,0
2025-01-13 16:30:00+00:00,-2.4404047992039994,0,0
2025-01-13 17:30:00+00:00,-2.399117203351479,0,0
2025-01-13 18:30:00+00:00,-2.3295067792633968,0,0
2025-01-13 19:30:00+00:00,-2.3510428006001045,0,0
2025-01-13 20:30:00+00:00,-2.421958078943155,0,0
2025-01-14 14:30:00+00:00,-2.4522507400905873,0,0
2025-01-14 15:30:00+00:00,-2.4689071506510984,0,0
2025-01-14 16:30:00+00:00,-2.541245236588624,0,0
2025-01-14 17:30:00+00:00,-2.486603613204618,0,0
2025-01-14 18:30:00+00:00,-2.4086918868771643,0,0
2025-01-14 19:30:00+00:00,-2.375433796628097,0,0
2025-01-14 20:30:00+00:00,-2.267741437788302,0,0
2025-01-15 14:30:00+00:00,-2.1852620003055296,0,0
2025-01-15 15:30:00+00:00,-2.291479091721404,0,0
2025-01-15 16:30:00+00:00,-2.2799173005667357,0,0
2025-01-15 17:30:00+00:00,-2.285472223225293,1,1
2025-01-15 18:30:00+00:00,-2.294621372583252,1,1
2025-01-15 19:30:00+00:00,-2.3083058768456928,1,1
2025-01-15 20:30:00+00:00,-2.360737532261205,1,1
2025-01-16 14:30:00+00:00,-2.508420233442955,1,1
2025-01-16 15:30:00+00:00,-2.3613721947398214,1,1
2025-01-16 16:30:00+00:00,-2.292604955560884,1,1
2025-01-16 17:30:00+00:00,-2.2610307612921057,1,1
2025-01-16 18:30:00+00:00,-2.252151502585676,1,1
2025-01-16 19:30:00+00:00,-2.1984783072517224,1,1
2025-01-16 20:30:00+00:00,-2.12206372664818,1,1
2025-01-17 14:30:00+00:00,-1.9575733073324852,1,1
2025-01-17 15:30:00+00:00,-1.9762756100306547,1,1
2025-01-17 16:30:00+00:00,-1.971698818909019,1,1
2025-01-17 17:30:00+00:00,-1.9962446760167865,1,1
2025-01-17 18:30:00+00:00,-1.945715081850721,1,1
2025-01-17 19:30:00+00:00,-1.9575841991196616,1,1
2025-01-17 20:30:00+00:00,-1.9060583362900825,1,1
2025-01-21 14:30:00+00:00,-1.701231328378448,1,1
2025-01-21 15:30:00+00:00,-1.7455565528067594,1,1
2025-01-21 16:30:00+00:00,-1.9159627568454525,1,1
2025-01-21 17:30:00+00:00,-2.0011287932526893,1,1
2025-01-21 18:30:00+00:00,-2.029709062482731,1,1
2025-01-21 19:30:00+00:00,-2.0011876425654718,1,1
2025-01-21 20:30:00+00:00,-1.9815515191555917,1,1
2025-01-22 14:30:00+00:00,-2.0794426460197197,1,1
2025-01-22 15:30:00+00:00,-2.0731097336779643,1,1
2025-01-22 16:30:00+00:00,-2.181377683830556,1,1
2025-01-22 17:30:00+00:00,-2.15165424936055,1,1
2025-01-22 18:30:00+00:00,-2.1644743972542115,1,1
2025-01-22 19:30:00+00:00,-2.141198392645533,1,1
2025-01-22 20:30:00+00:00,-2.234790421615605,1,1
2025-01-23 14:30:00+00:00,-2.349138629137097,1,1
2025-01-23 15:30:00+00:00,-2.2244826191187252,1,1
2025-01-23 16:30:00+00:00,-2.1895644451822003,1,1
2025-01-23 17:30:00+00:00,-2.2137347195259625,1,1
2025-01-23 18:30:00+00:00,-2.2039912712248437,1,1
2025-01-23 19:30:00+00:00,-2.2475045969171745,1,1
2025-01-23 20:30:00+00:00,-2.295370376366373,1,1
2025-01-24 14:30:00+00:00,-2.2506390752029724,1,1
2025-01-24 15:30:00+00:00,-2.218043479470926,1,1
2025-01-24 16:30:00+00:00,-2.2282701834862677,1,1
2025-01-24 17:30:00+00:00,-2.2883492611766374,1,1
2025-01-24 18:30:00+00:00,-2.2647833278790177,1,1
2025-01-24 19:30:00+00:00,-2.2102731551705825,1,1
2025-01-24 20:30:00+00:00,-2.147143206282305,1,1
2025-01-27 14:30:00+00:00,-1.7653198987672405,1,1
2025-01-27 15:30:00+00:00,-1.506738342326162,1,1
2025-01-27 16:30:00+00:00,-1.4206898124235536,1,1
2025-01-27 17:30:00+00:00,-1.2494603806628697,1,1
2025-01-27 18:30:00+00:00,-1.2306146465417254,1,1
2025-01-27 19:30:00+00:00,-1.22367356424144,1,1
2025-01-27 20:30:00+00:00,-1.2564079452331647,1,1
2025-01-28 14:30:00+00:00,-1.5645391720301558,1,1
2025-01-28 15:30:00+00:00,-1.4795074207956636,1,1
2025-01-28 16:30:00+00:00,-1.6391685791316695,1,1
2025-01-28 17:30:00+00:00,-1.7055257691366306,1,1
2025-01-28 18:30:00+00:00,-1.834153801952048,1,1
2025-01-28 19:30:00+00:00,-1.902197222880829,1,1
2025-01-28 20:30:00+00:00,-1.9576013394335212,1,1
2025-01-29 14:30:00+00:00,-1.7241894152108403,1,1
2025-01-29 15:30:00+00:00,-1.614013489820024,1,1
2025-01-29 16:30:00+00:00,-1.647166664648768,1,1
2025-01-29 17:30:00+00:00,-1.583651684223568,1,1
2025-01-29 18:30:00+00:00,-1.687651063159365,1,1
2025-01-29 19:30:00+00:00,-1.7196920763738806,1,1
2025-01-29 20:30:00+00:00,-1.7836494077873635,1,1
2025-01-30 14:30:00+00:00,-1.4463485024489455,1,1
2025-01-30 15:30:00+00:00,-1.5185185558614593,1,1
2025-01-30 16:30:00+00:00,-1.5479984633142803,1,1
2025-01-30 17:30:00+00:00,-1.2177051280207989,1,1
2025-01-30 18:30:00+00:00,-1.257368633933549,1,1
2025-01-30 19:30:00+00:00,-1.3156105397309863,1,1
2025-01-30 20:30:00+00:00,-1.3106903073383809,1,1
2025-01-31 14:30:00+00:00,-1.4656312664979165,1,1
2025-01-31 15:30:00+00:00,-1.474469870164924,1,1
2025-01-31 16:30:00+00:00,-1.4135237540172285,1,1
2025-01-31 17:30:00+00:00,-1.4261353264174441,1,1
2025-01-31 18:30:00+00:00,-1.5432906417002819,1,1
2025-01-31 19:30:00+00:00,-1.5012837577608065,1,1
2025-01-31 20:30:00+00:00,-1.5543573153586776,1,1
2025-02-03 14:30:00+00:00,-1.5654761749202935,1,1
2025-02-03 15:30:00+00:00,-1.559948353173932,1,1
2025-02-03 16:30:00+00:00,-1.52718222510671,1,1
2025-02-03 17:30:00+00:00,-1.5270487338167347,1,1
2025-02-03 18:30:00+00:00,-1.522036351858055,1,1
2025-02-03 19:30:00+00:00,-1.628208152172214,1,1
2025-02-03 20:30:00+00:00,-1.5973034430200446,1,1
2025-02-04 14:30:00+00:00,-2.029686648509773,1,1
2025-02-04 15:30:00+00:00,-2.1714942874565812,1,1
2025-02-04 16:30:00+00:00,-2.137664834117599,1,1
2025-02-04 17:30:00+00:00,-2.136641573179473,1,1
2025-02-04 18:30:00+00:00,-2.1327692211215954,1,1
2025-02-04 19:30:00+00:00,-2.0974313967289864,1,1
2025-02-04 20:30:00+00:00,-2.0979436608196056,1,1
2025-02-05 14:30:00+00:00,-2.0098316835826098,1,1
2025-02-05 15:30:00+00:00,-1.9666918692467756,1,1
2025-02-05 16:30:00+00:00,-1.9630187979582256,1,1
2025-02-05 17:30:00+00:00,-1.905565518917206,1,1
2025-02-05 18:30:00+00:00,-1.8474259379390208,1,1
2025-02-05 19:30:00+00:00,-1.8920764665117098,1,1
2025-02-05 20:30:00+00:00,-1.8600045077618053,1,1
2025-02-06 14:30:00+00:00,-1.8732010995038726,1,1
2025-02-06 15:30:00+00:00,-1.9113158971553115,1,1
2025-02-06 16:30:00+00:00,-1.9607249448197495,1,1
2025-02-06 17:30:00+00:00,-1.8756916418872696,1,1
2025-02-06 18:30:00+00:00,-1.8060757066223865,1,1
2025-02-06 19:30:00+00:00,-1.8323964026816448,1,1
2025-02-06 20:30:00+00:00,-1.7887330198903792,1,1
2025-02-07 14:30:00+00:00,-1.7214289415136061,1,1
2025-02-07 15:30:00+00:00,-1.723393638227172,1,1
2025-02-07 16:30:00+00:00,-1.687922472503914,1,1
2025-02-07 17:30:00+00:00,-1.682767144310441,1,1
2025-02-07 18:30:00+00:00,-1.7028077630626492,1,1
2025-02-07 19:30:00+00:00,-1.6874758697698764,1,1
2025-02-07 20:30:00+00:00,-1.6480584717558646,1,1
2025-02-10 14:30:00+00:00,-1.5892982978454717,1,1
2025-02-10 15:30:00+00:00,-1.5829606732371142,1,1
2025-02-10 16:30:00+00:00,-1.616922008077737,1,1
2025-02-10 17:30:00+00:00,-1.618427143890019,1,1
2025-02-10 18:30:00+00:00,-1.6283369762764943,1,1
2025-02-10 19:30:00+00:00,-1.5661839299518452,1,1
2025-02-10 20:30:00+00:00,-1.4218351095695865,1,1
2025-02-11 14:30:00+00:00,-0.700755256502792,1,1
2025-02-11 15:30:00+00:00,-0.736002241580504,1,1
2025-02-11 16:30:00+00:00,-0.5767790721428588,0,1
2025-02-11 17:30:00+00:00,-0.5545933260263425,0,1
2025-02-11 18:30:00+00:00,-0.5168055380854493,0,1
2025-02-11 19:30:00+00:00,-0.44560516991124166,0,1
2025-02-11 20:30:00+00:00,-0.30672982301334867,0,1
2025-02-12 14:30:00+00:00,-0.18899432048655246,0,1
2025-02-12 15:30:00+00:00,-0.2633958537584648,0,1
2025-02-12 16:30:00+00:00,-0.2459020650331656,0,1
2025-02-12 17:30:00+00:00,-0.21330919118545663,0,1
2025-02-12 18:30:00+00:00,-0.20692850883041636,0,1
2025-02-12 19:30:00+00:00,-0.14975820931471207,0,1
2025-02-12 20:30:00+00:00,0.00525525296586845,0,1
2025-02-13 14:30:00+00:00,0.21098347210424107,0,1
2025-02-13 15:30:00+00:00,0.15124414250079526,0,1
2025-02-13 16:30:00+00:00,0.18195177191960943,0,1
2025-02-13 17:30:00+00:00,0.21060317597530748,0,1
2025-02-13 18:30:00+00:00,0.19298010234071739,0,1
2025-02-13 19:30:00+00:00,0.22420057385090617,0,1
2025-02-13 20:30:00+00:00,0.30324285401461804,0,1
2025-02-14 14:30:00+00:00,0.4586196818924173,0,1
2025-02-14 15:30:00+00:00,0.36365649843504655,0,1
2025-02-14 16:30:00+00:00,0.30702367742294523,0,1
2025-02-14 17:30:00+00:00,0.1712880844859824,0,1
2025-02-14 18:30:00+00:00,0.15735419450303978,0,1
2025-02-14 19:30:00+00:00,0.07469706899773479,0,1
2025-02-14 20:30:00+00:00,0.0437562446888725,0,1
2025-02-18 14:30:00+00:00,-0.06380004177852604,0,1
2025-02-18 15:30:00+00:00,0.04344759826855993,0,1
2025-02-18 16:30:00+00:00,0.10847888623661733,0,1
2025-02-18 17:30:00+00:00,0.1646496332296115,0,1
2025-02-18 18:30:00+00:00,0.13657929822024822,0,1
2025-02-18 19:30:00+00:00,0.0531332678764284,0,1
2025-02-18 20:30:00+00:00,0.1292296072103768,0,1
2025-02-19 14:30:00+00:00,0.33016022427230596,0,1
2025-02-19 15:30:00+00:00,0.4759062154303106,0,1
2025-02-19 16:30:00+00:00,0.36130240210334846,0,1
2025-02-19 17:30:00+00:00,0.4117410482246425,0,1
2025-02-19 18:30:00+00:00,0.4345102741076926,0,1
2025-02-19 19:30:00+00:00,0.488595422076301,0,1
2025-02-19 20:30:00+00:00,0.5546315746304737,0,1
2025-02-20 14:30:00+00:00,0.48629848212422283,0,1
2025-02-20 15:30:00+00:00,0.508197449973263,0,1
2025-02-20 16:30:00+00:00,0.5158447585369628,0,1
2025-02-20 17:30:00+00:00,0.5331287651739384,0,1
2025-02-20 18:30:00+00:00,0.609354227716662,0,1
2025-02-20 19:30:00+00:00,0.5803210030851602,0,1
2025-02-20 20:30:00+00:00,0.6728944081432479,0,1
2025-02-21 14:30:00+00:00,0.932431428094359,0,1
2025-02-21 15:30:00+00:00,1.2175409357821014,0,1
2025-02-21 16:30:00+00:00,1.1761914998280432,0,1
2025-02-21 17:30:00+00:00,1.2237228946044434,0,1
2025-02-21 18:30:00+00:00,1.3709955025802503,0,1
2025-02-21 19:30:00+00:00,1.3001538200613465,0,1
2025-02-21 20:30:00+00:00,1.298533884924791,0,1
2025-02-24 14:30:00+00:00,1.4470627668262483,-1,-1
2025-02-24 15:30:00+00:00,1.2001695638423242,0,-1
2025-02-24 16:30:00+00:00,1.05745993008789,0,-1
2025-02-24 17:30:00+00:00,1.06352811374208,0,-1
2025-02-24 18:30:00+00:00,0.9614262070391907,0,-1
2025-02-24 19:30:00+00:00,1.0591895310005883,-1,-1
2025-02-24 20:30:00+00:00,1.0428546086921902,-1,-1
2025-02-25 14:30:00+00:00,1.5636220149979354,-1,-1
2025-02-25 15:30:00+00:00,1.563184588971887,-1,-1
2025-02-25 16:30:00+00:00,1.5274687654593901,-1,-1
2025-02-25 17:30:00+00:00,1.3590387538943585,-1,-1
2025-02-25 18:30:00+00:00,1.2924776453770879,-1,-1
2025-02-25 19:30:00+00:00,1.3448240631781396,-1,-1
2025-02-25 20:30:00+00:00,1.4453932896051942,-1,-1
2025-02-26 14:30:00+00:00,1.0720611420915809,-1,-1
2025-02-26 15:30:00+00:00,1.0174917490209752,0,-1
2025-02-26 16:30:00+00:00,1.077807714785444,-1,-1
2025-02-26 17:30:00+00:00,1.0800583949401223,-1,-1
2025-02-26 18:30:00+00:00,1.134562456427941,-1,-1
2025-02-26 19:30:00+00:00,1.010581619913418,-1,-1
2025-02-26 20:30:00+00:00,1.0345613238845934,-1,-1
2025-02-27 14:30:00+00:00,1.2411320690811023,-1,-1
2025-02-27 15:30:00+00:00,1.2286561021596718,-1,-1
2025-02-27 16:30:00+00:00,1.2712949037067711,-1,-1
2025-02-27 17:30:00+00:00,1.2391733548830202,-1,-1
2025-02-27 18:30:00+00:00,1.2479897482334543,-1,-1
2025-02-27 19:30:00+00:00,1.1404054068646197,-1,-1
2025-02-27 20:30:00+00:00,1.0647332813923525,-1,-1
2025-02-28 14:30:00+00:00,0.9928006915851415,-1,-1
2025-02-28 15:30:00+00:00,1.0237653955893495,-1,-1
2025-02-28 16:30:00+00:00,1.060254660286759,-1,-1
2025-02-28 17:30:00+00:00,1.014277666804859,-1,-1
2025-02-28 18:30:00+00:00,1.0536666749355827,-1,-1
2025-02-28 19:30:00+00:00,1.1869426486461225,-1,-1
2025-02-28 20:30:00+00:00,1.2345016825858275,-1,-1
2025-03-03 14:30:00+00:00,1.1243309745789138,-1,-1
2025-03-03 15:30:00+00:00,1.3911311490744613,-1,-1
2025-03-03 16:30:00+00:00,1.5436026577389108,-1,-1
2025-03-03 17:30:00+00:00,1.5712546805518286,-1,-1
2025-03-03 18:30:00+00:00,1.4472503223712347,-1,-1
2025-03-03 19:30:00+00:00,1.5692538686815605,-1,-1
2025-03-03 20:30:00+00:00,1.719555401255337,-1,-1
2025-03-04 14:30:00+00:00,1.8015763013329305,-1,-1
2025-03-04 15:30:00+00:00,1.5299745637820554,-1,-1
2025-03-04 16:30:00+00:00,1.1602684338768232,-1,-1
2025-03-04 17:30:00+00:00,1.1628851510800402,-1,-1
2025-03-04 18:30:00+00:00,1.009118473579675,-1,-1
2025-03-04 19:30:00+00:00,0.9668779461916194,-1,-1
2025-03-04 20:30:00+00:00,0.9138851511295959,-1,-1
2025-03-05 14:30:00+00:00,0.9092470448498817,-1,-1
2025-03-05 15:30:00+00:00,0.9413125213297717,-1,-1
2025-03-05 16:30:00+00:00,1.0632911928070763,-1,-1
2025-03-05 17:30:00+00:00,0.9890239775688137,-1,-1
2025-03-05 18:30:00+00:00,1.0460402266820115,-1,-1
2025-03-05 19:30:00+00:00,0.9791930747719741,-1,-1
2025-03-05 20:30:00+00:00,0.8547758217953183,-1,-1
2025-03-06 14:30:00+00:00,0.6426377700050122,-1,-1
2025-03-06 15:30:00+00:00,0.7897073939782094,-1,-1
2025-03-06 16:30:00+00:00,0.6549324214416741,-1,-1
2025-03-06 17:30:00+00:00,0.6525946505704456,-1,-1
2025-03-06 18:30:00+00:00,0.7900458217590934,-1,-1
2025-03-06 19:30:00+00:00,0.9448725337832959,-1,-1
2025-03-06 20:30:00+00:00,1.019437985114641,-1,-1
2025-03-07 14:30:00+00:00,1.214588446300497,-1,-1
2025-03-07 15:30:00+00:00,1.3508748494070033,-1,-1
2025-03-07 16:30:00+00:00,1.4713770266634922,-1,-1
2025-03-07 17:30:00+00:00,1.478688626706358,-1,-1
2025-03-07 18:30:00+00:00,1.3683471313149722,-1,-1
2025-03-07 19:30:00+00:00,1.2716928543725023,-1,-1
2025-03-07 20:30:00+00:00,1.3498752110527468,-1,-1
2025-03-10 13:30:00+00:00,1.8572217388450283,-1,-1
2025-03-10 14:30:00+00:00,1.9982927688653551,-1,-1
2025-03-10 15:30:00+00:00,1.9495772413867496,-1,-1
2025-03-10 16:30:00+00:00,1.8591243806992541,-1,-1
2025-03-10 17:30:00+00:00,1.8071150382346086,-1,-1
2025-03-10 18:30:00+00:00,1.4808283401717544,-1,-1
2025-03-10 19:30:00+00:00,1.4363284215154444,-1,-1
2025-03-11 13:30:00+00:00,1.3406562042593928,-1,-1
2025-03-11 14:30:00+00:00,1.1220994540465297,-1,-1
2025-03-11 15:30:00+00:00,1.1141091711054765,-1,-1
2025-03-11 16:30:00+00:00,1.148365317217719,-1,-1
2025-03-11 17:30:00+00:00,1.1244531987217312,-1,-1
2025-03-11 18:30:00+00:00,1.1768493195853202,-1,-1
2025-03-11 19:30:00+00:00,1.128824158277314,-1,-1
2025-03-12 13:30:00+00:00,0.6982505284329869,-1,-1
2025-03-12 14:30:00+00:00,0.599390864881219,0,-1
2025-03-12 15:30:00+00:00,0.675579472565979,0,-1
2025-03-12 16:30:00+00:00,0.6646806842579097,0,-1
2025-03-12 17:30:00+00:00,0.728953144361715,-1,-1
2025-03-12 18:30:00+00:00,0.6159324113133449,0,-1
2025-03-12 19:30:00+00:00,0.5852123979592855,0,-1
2025-03-13 13:30:00+00:00,0.46433073450277845,0,-1
2025-03-13 14:30:00+00:00,0.4443642282784693,0,-1
2025-03-13 15:30:00+00:00,0.4219758791291318,0,-1
2025-03-13 16:30:00+00:00,0.41699169096636235,0,-1
2025-03-13 17:30:00+00:00,0.39491140763255844,0,-1
2025-03-13 18:30:00+00:00,0.4466145446539816,0,-1
2025-03-13 19:30:00+00:00,0.50033955129414,0,-1
2025-03-14 13:30:00+00:00,0.2694179288796172,0,-1
2025-03-14 14:30:00+00:00,0.26920745247535177,0,-1
2025-03-14 15:30:00+00:00,0.22879350134295617,0,-1
2025-03-14 16:30:00+00:00,0.3041266014341887,0,-1
2025-03-14 17:30:00+00:00,0.24442914017879253,0,-1
2025-03-14 18:30:00+00:00,0.32253372290967114,0,-1
2025-03-14 19:30:00+00:00,0.33354566062254254,0,-1
2025-03-17 13:30:00+00:00,0.7378416542221005,0,-1
2025-03-17 14:30:00+00:00,0.6059501158908106,0,-1
2025-03-17 15:30:00+00:00,0.6393259966344078,0,-1
2025-03-17 16:30:00+00:00,0.6772462231588388,0,-1
2025-03-17 17:30:00+00:00,0.7100505327628378,0,-1
2025-03-17 18:30:00+00:00,0.7579373316445329,0,-1
2025-03-17 19:30:00+00:00,0.784257447099017,0,-1
2025-03-18 13:30:00+00:00,0.6040053485770637,0,-1
2025-03-18 14:30:00+00:00,0.5670853877479586,0,-1
2025-03-18 15:30:00+00:00,0.6182044341411829,0,-1
2025-03-18 16:30:00+00:00,0.5271543186504788,0,-1
2025-03-18 17:30:00+00:00,0.5178412512330819,0,-1
2025-03-18 18:30:00+00:00,0.47013806953728093,0,-1
2025-03-18 19:30:00+00:00,0.4406576951908436,0,-1
2025-03-19 13:30:00+00:00,0.3408496416264302,0,-1
2025-03-19 14:30:00+00:00,0.2006229299374711,0,-1
2025-03-19 15:30:00+00:00,0.23986375557256578,0,-1
2025-03-19 16:30:00+00:00,0.17100430950017328,0,-1
2025-03-19 17:30:00+00:00,0.15301143598770273,0,-1
2025-03-19 18:30:00+00:00,0.3366723363322907,0,-1
2025-03-19 19:30:00+00:00,0.3756414596497281,0,-1
2025-03-20 13:30:00+00:00,0.44552752758068703,0,-1
2025-03-20 14:30:00+00:00,0.2791705581993284,0,-1
2025-03-20 15:30:00+00:00,0.37368899839751923,0,-1
2025-03-20 16:30:00+00:00,0.33675812241309266,0,-1
2025-03-20 17:30:00+00:00,0.342476382526308,0,-1
2025-03-20 18:30:00+00:00,0.35552308394352594,0,-1
2025-03-20 19:30:00+00:00,0.47371522230465996,0,-1
2025-03-21 13:30:00+00:00,0.10396986466345855,0,-1
2025-03-21 14:30:00+00:00,0.07534941380048865,0,-1
2025-03-21 15:30:00+00:00,0.10758471000504674,0,-1
2025-03-21 16:30:00+00:00,0.02941284957586037,0,-1
2025-03-21 17:30:00+00:00,-0.009971526421683563,0,-1
2025-03-21 18:30:00+00:00,-0.07999055921935189,0,-1
2025-03-21 19:30:00+00:00,0.0417725067506278,0,-1
2025-03-24 13:30:00+00:00,0.0791203417645596,0,-1
2025-03-24 14:30:00+00:00,0.12513597223050021,0,-1
2025-03-24 15:30:00+00:00,0.1398509594023379,0,-1
2025-03-24 16:30:00+00:00,0.06347300883846248,0,-1
2025-03-24 17:30:00+00:00,0.08271650223568627,0,-1
2025-03-24 18:30:00+00:00,0.10051066283806194,0,-1
2025-03-24 19:30:00+00:00,0.17292878166503725,0,-1
2025-03-25 13:30:00+00:00,0.11432887166846849,0,-1
2025-03-25 14:30:00+00:00,0.11168161773311681,0,-1
2025-03-25 15:30:00+00:00,0.059177828946753906,0,-1
2025-03-25 16:30:00+00:00,0.12611061529194592,0,-1
2025-03-25 17:30:00+00:00,0.11929302179382142,0,-1
2025-03-25 18:30:00+00:00,0.07727978763058324,0,-1
2025-03-25 19:30:00+00:00,0.10901922026483932,0,-1
2025-03-26 13:30:00+00:00,0.3506272640423054,0,-1
2025-03-26 14:30:00+00:00,0.4514987806746221,-1,-1
2025-03-26 15:30:00+00:00,0.5319085835989489,-1,-1
2025-03-26 16:30:00+00:00,0.6219593178468679,-1,-1
2025-03-26 17:30:00+00:00,0.6801344333769765,-1,-1
2025-03-26 18:30:00+00:00,0.6902726294271786,-1,-1
2025-03-26 19:30:00+00:00,0.6415461867932517,-1,-1
2025-03-27 13:30:00+00:00,0.9157395087475939,-1,-1
2025-03-27 14:30:00+00:00,0.926865286432719,-1,-1
2025-03-27 15:30:00+00:00,0.8814827820305771,-1,-1
2025-03-27 16:30:00+00:00,0.9040206153516737,-1,-1
2025-03-27 17:30:00+00:00,0.8790642385686375,-1,-1
2025-03-27 18:30:00+00:00,0.9600200757418919,-1,-1
2025-03-27 19:30:00+00:00,0.9276550757237795,-1,-1
2025-03-28 13:30:00+00:00,1.1804196214308211,-1,-1
2025-03-28 14:30:00+00:00,1.1219184620550737,-1,-1
2025-03-28 15:30:00+00:00,0.9937146102404275,-1,-1
2025-03-28 16:30:00+00:00,0.9935041338361621,-1,-1
2025-03-28 17:30:00+00:00,0.5790124504842349,0,-1
2025-03-28 18:30:00+00:00,0.8196379882708063,-1,-1
2025-03-28 19:30:00+00:00,0.7843759786457736,-1,-1
2025-03-31 13:30:00+00:00,1.3784959854090244,-1,-1
2025-03-31 14:30:00+00:00,1.321418421137743,-1,-1
2025-03-31 15:30:00+00:00,1.2180037967749775,-1,-1
2025-03-31 16:30:00+00:00,1.2016423541591632,-1,-1
2025-03-31 17:30:00+00:00,1.3100423783531503,-1,-1
2025-03-31 18:30:00+00:00,1.3509748780781132,-1,-1
2025-03-31 19:30:00+00:00,1.2478689001356553,-1,-1
2025-04-01 13:30:00+00:00,1.1672809751560944,-1,-1
2025-04-01 14:30:00+00:00,1.2616528947201837,-1,-1
2025-04-01 15:30:00+00:00,1.2333119293580246,-1,-1
2025-04-01 16:30:00+00:00,1.2180365422409372,-1,-1
2025-04-01 17:30:00+00:00,1.2469837135330208,-1,-1
2025-04-01 18:30:00+00:00,1.2121561563415204,-1,-1
2025-04-01 19:30:00+00:00,1.3210443501673477,-1,-1
2025-04-02 13:30:00+00:00,1.3598404325432576,-1,-1
2025-04-02 14:30:00+00:00,1.2989988616842012,-1,-1
2025-04-02 15:30:00+00:00,1.0654152168260425,-1,-1
2025-04-02 16:30:00+00:00,1.019395926036956,-1,-1
2025-04-02 17:30:00+00:00,1.0274236444407474,-1,-1
2025-04-02 18:30:00+00:00,1.0698546101956619,-1,-1
2025-04-02 19:30:00+00:00,1.1105533344257974,-1,-1
2025-04-03 13:30:00+00:00,1.8434071809429158,-1,-1
2025-04-03 14:30:00+00:00,2.0953465980171524,-1,-1
2025-04-03 15:30:00+00:00,1.8837064395475733,-1,-1
2025-04-03 16:30:00+00:00,1.791636627463188,-1,-1
2025-04-03 17:30:00+00:00,1.9521875012658365,-1,-1
2025-04-03 18:30:00+00:00,1.8540456734487367,-1,-1
2025-04-03 19:30:00+00:00,1.8366603892900222,-1,-1
2025-04-04 13:30:00+00:00,1.491700921610842,-1,-1
2025-04-04 14:30:00+00:00,1.004903799204629,0,-1
2025-04-04 15:30:00+00:00,0.91856017864911,0,-1
2025-04-04 16:30:00+00:00,0.8900300143758795,0,-1
2025-04-04 17:30:00+00:00,0.7101292405512037,0,-1
2025-04-04 18:30:00+00:00,0.7130371653134455,0,-1
2025-04-04 19:30:00+00:00,0.5389346036411821,0,-1
2025-04-07 13:30:00+00:00,-0.38769625184861684,0,-1
2025-04-07 14:30:00+00:00,-0.5862636933293665,0,-1
2025-04-07 15:30:00+00:00,-0.37975770860926195,0,-1
2025-04-07 16:30:00+00:00,-0.1255684958328926,0,-1
2025-04-07 17:30:00+00:00,0.08854384752026531,0,-1
2025-04-07 18:30:00+00:00,-0.2153938351627847,0,-1
2025-04-07 19:30:00+00:00,-0.14383258030292806,0,-1
2025-04-08 13:30:00+00:00,0.37164137107094686,0,-1
2025-04-08 14:30:00+00:00,0.29190187381475274,0,-1
2025-04-08 15:30:00+00:00,0.43898625460120555,0,-1
2025-04-08 16:30:00+00:00,-0.028911477360543936,0,-1
2025-04-08 17:30:00+00:00,-0.1576336488194749,0,-1
2025-04-08 18:30:00+00:00,-0.0742224133263173,0,-1
2025-04-08 19:30:00+00:00,-0.22496761719441208,0,-1
2025-04-09 13:30:00+00:00,-0.43537765884895385,0,-1
2025-04-09 14:30:00+00:00,-0.4380012409580304,0,-1
2025-04-09 15:30:00+00:00,-0.31270889315175515,0,-1
2025-04-09 16:30:00+00:00,0.3879046436707191,0,-1
2025-04-09 17:30:00+00:00,0.2183679579647698,0,-1
2025-04-09 18:30:00+00:00,0.274252441573257,0,-1
2025-04-09 19:30:00+00:00,0.47901428204627533,0,-1
2025-04-10 13:30:00+00:00,0.5618347450062339,0,-1
2025-04-10 14:30:00+00:00,0.42623786505375283,0,-1
2025-04-10 15:30:00+00:00,0.13630514145749226,0,-1
2025-04-10 16:30:00+00:00,0.42809838144845286,0,-1
2025-04-10 17:30:00+00:00,0.8331523070595197,0,-1
2025-04-10 18:30:00+00:00,0.7426747183378344,0,-1
2025-04-10 19:30:00+00:00,0.7253009299392155,0,-1
2025-04-11 13:30:00+00:00,0.6529677488541881,0,-1
2025-04-11 14:30:00+00:00,0.6782993982212085,0,-1
2025-04-11 15:30:00+00:00,0.9311657101857936,0,-1
2025-04-11 16:30:00+00:00,0.9382128620207205,0,-1
2025-04-11 17:30:00+00:00,1.031338776642614,0,-1
2025-04-11 18:30:00+00:00,1.0813280410392838,0,-1
2025-04-11 19:30:00+00:00,0.9524818050202293,0,-1
2025-04-14 13:30:00+00:00,1.1870233063761628,0,-1
2025-04-14 14:30:00+00:00,1.2068512613165059,0,-1
2025-04-14 15:30:00+00:00,1.2202776782578832,0,-1
2025-04-14 16:30:00+00:00,1.289980370696777,0,-1
2025-04-14 17:30:00+00:00,1.4330787328947883,-1,-1
2025-04-14 18:30:00+00:00,1.4629026444908915,-1,-1
2025-04-14 19:30:00+00:00,1.420093346635649,-1,-1
2025-04-15 13:30:00+00:00,1.3276833346991663,0,-1
2025-04-15 14:30:00+00:00,1.1467747156006285,0,-1
2025-04-15 15:30:00+00:00,1.1242967387125549,0,-1
2025-04-15 16:30:00+00:00,1.0625958249748102,0,-1
2025-04-15 17:30:00+00:00,1.0503760444636288,0,-1
2025-04-15 18:30:00+00:00,1.1150028609937206,0,-1
2025-04-15 19:30:00+00:00,1.0611592653303246,0,-1
2025-04-16 13:30:00+00:00,1.1867933630521368,0,-1
2025-04-16 14:30:00+00:00,1.324374238054334,-1,-1
2025-04-16 15:30:00+00:00,1.212217280769964,-1,-1
2025-04-16 16:30:00+00:00,1.179183376240017,-1,-1
2025-04-16 17:30:00+00:00,1.076420839568534,0,-1
2025-04-16 18:30:00+00:00,0.8697480826980537,0,-1
2025-04-16 19:30:00+00:00,0.8922808924741912,0,-1
2025-04-17 13:30:00+00:00,1.2577248172778157,-1,-1
2025-04-17 14:30:00+00:00,1.397645217489988,-1,-1
2025-04-17 15:30:00+00:00,1.4068518403481016,-1,-1
2025-04-17 16:30:00+00:00,1.3842556554065792,-1,-1
2025-04-17 17:30:00+00:00,1.5620562078891522,-1,-1
2025-04-17 18:30:00+00:00,1.5026438235792627,-1,-1
2025-04-17 19:30:00+00:00,1.444581324657917,-1,-1
2025-04-21 13:30:00+00:00,1.5162052680448153,-1,-1
2025-04-21 14:30:00+00:00,1.285366210494235,-1,-1
2025-04-21 15:30:00+00:00,1.163746443941507,-1,-1
2025-04-21 16:30:00+00:00,1.0731688929305483,0,-1
2025-04-21 17:30:00+00:00,1.0614481972065284,0,-1
2025-04-21 18:30:00+00:00,1.1378266626533682,-1,-1
2025-04-21 19:30:00+00:00,1.3192768553282015,-1,-1
2025-04-22 13:30:00+00:00,1.7966706540764454,-1,-1
2025-04-22 14:30:00+00:00,1.8993145221736314,-1,-1
2025-04-22 15:30:00+00:00,1.7512564257401972,-1,-1
2025-04-22 16:30:00+00:00,1.6399614519465961,-1,-1
2025-04-22 17:30:00+00:00,1.5909897380577416,-1,-1
2025-04-22 18:30:00+00:00,1.6213616479313828,-1,-1
2025-04-22 19:30:00+00:00,1.7831314638532334,-1,-1
2025-04-23 13:30:00+00:00,1.682343953372284,-1,-1
2025-04-23 14:30:00+00:00,1.3482802429321805,-1,-1
2025-04-23 15:30:00+00:00,1.3225043416660724,-1,-1
2025-04-23 16:30:00+00:00,1.3514708744120927,-1,-1
2025-04-23 17:30:00+00:00,1.2226144499188547,-1,-1
2025-04-23 18:30:00+00:00,1.3234385554702413,-1,-1
2025-04-23 19:30:00+00:00,1.522120448794894,-1,-1
2025-04-24 13:30:00+00:00,1.3978525390592351,-1,-1
2025-04-24 14:30:00+00:00,1.2795357103746328,-1,-1
2025-04-24 15:30:00+00:00,1.2362297965889302,-1,-1
2025-04-24 16:30:00+00:00,1.0351377960460846,-1,-1
2025-04-24 17:30:00+00:00,1.0073042960478973,-1,-1
2025-04-24 18:30:00+00:00,0.9690854304377845,-1,-1
2025-04-24 19:30:00+00:00,0.9869426984714701,-1,-1
2025-04-25 13:30:00+00:00,0.49535914682333715,0,-1
2025-04-25 14:30:00+00:00,0.4690823684968312,0,-1
2025-04-25 15:30:00+00:00,0.6191392104204589,-1,-1
2025-04-25 16:30:00+00:00,0.6267866326953165,-1,-1
2025-04-25 17:30:00+00:00,0.764361025427504,-1,-1
2025-04-25 18:30:00+00:00,0.6755136081252875,-1,-1
2025-04-25 19:30:00+00:00,0.7120023400266577,-1,-1
2025-04-28 13:30:00+00:00,0.6263231910976614,0,-1
2025-04-28 14:30:00+00:00,0.7857939110668136,-1,-1
2025-04-28 15:30:00+00:00,0.673616915745032,0,-1
2025-04-28 16:30:00+00:00,0.5296857309757486,0,-1
2025-04-28 17:30:00+00:00,0.640141399928068,0,-1
2025-04-28 18:30:00+00:00,0.6353343169402695,0,-1
2025-04-28 19:30:00+00:00,0.6695230236536841,0,-1
2025-04-29 13:30:00+00:00,0.7642622748066827,-1,-1
2025-04-29 14:30:00+00:00,0.8626202129592087,-1,-1
2025-04-29 15:30:00+00:00,0.9151171444509203,-1,-1
2025-04-29 16:30:00+00:00,0.9041094584838082,-1,-1
2025-04-29 17:30:00+00:00,0.9082683305014466,-1,-1
2025-04-29 18:30:00+00:00,0.9278991171805829,-1,-1
2025-04-29 19:30:00+00:00,0.9054205596877353,-1,-1
2025-04-30 13:30:00+00:00,0.6914329066580457,0,-1
2025-04-30 14:30:00+00:00,0.9155104051198731,-1,-1
2025-04-30 15:30:00+00:00,0.9380084200453533,-1,-1
2025-04-30 16:30:00+00:00,0.9965909326165959,-1,-1
2025-04-30 17:30:00+00:00,0.9293442191023844,-1,-1
2025-04-30 18:30:00+00:00,0.9507382004990275,-1,-1
2025-04-30 19:30:00+00:00,1.0131737667919922,-1,-1
2025-05-01 13:30:00+00:00,0.6029052214484024,0,-1
2025-05-01 14:30:00+00:00,0.5856135517122092,0,-1
2025-05-01 15:30:00+00:00,0.5007999708204444,0,-1
2025-05-01 16:30:00+00:00,0.6919119534078005,0,-1
2025-05-01 17:30:00+00:00,0.5787791365467164,0,-1
2025-05-01 18:30:00+00:00,0.5829612327554375,0,-1
2025-05-01 19:30:00+00:00,0.5050229861205627,0,-1
2025-05-02 13:30:00+00:00,0.5903648073967255,0,-1
2025-05-02 14:30:00+00:00,0.5524723542841298,0,-1
2025-05-02 15:30:00+00:00,0.5279197082739445,0,-1
2025-05-02 16:30:00+00:00,0.554256788084897,0,-1
2025-05-02 17:30:00+00:00,0.6380548019770027,0,-1
2025-05-02 18:30:00+00:00,0.6820797631658256,0,-1
2025-05-02 19:30:00+00:00,0.6397236683363966,0,-1
2025-05-05 13:30:00+00:00,0.5183880298596453,0,-1
2025-05-05 14:30:00+00:00,0.5899757570375751,0,-1
2025-05-05 15:30:00+00:00,0.5933977330900877,0,-1
2025-05-05 16:30:00+00:00,0.4601345726610472,0,-1
2025-05-05 17:30:00+00:00,0.5610466597542976,-1,-1
2025-05-05 18:30:00+00:00,0.5550327283833926,-1,-1
2025-05-05 19:30:00+00:00,0.6010319811350673,-1,-1
2025-05-06 13:30:00+00:00,0.5403743663728552,-1,-1
2025-05-06 14:30:00+00:00,0.501095680580349,-1,-1
2025-05-06 15:30:00+00:00,0.4973319696062604,-1,-1
2025-05-06 16:30:00+00:00,0.5641970338245932,-1,-1
2025-05-06 17:30:00+00:00,0.5602200623415637,-1,-1
2025-05-06 18:30:00+00:00,0.5480683767334639,-1,-1
2025-05-06 19:30:00+00:00,0.5446082968282999,-1,-1
2025-05-07 13:30:00+00:00,0.6688995720363569,-1,-1
2025-05-07 14:30:00+00:00,0.6646185855032286,-1,-1
2025-05-07 15:30:00+00:00,0.8010643510756417,-1,-1
2025-05-07 16:30:00+00:00,0.7994730538225711,-1,-1
2025-05-07 17:30:00+00:00,0.7976284483408117,-1,-1
2025-05-07 18:30:00+00:00,0.8233035389787972,-1,-1
2025-05-07 19:30:00+00:00,0.8292761932290253,-1,-1
2025-05-08 13:30:00+00:00,0.7197980752088482,-1,-1
2025-05-08 14:30:00+00:00,0.6738704721657994,-1,-1
2025-05-08 15:30:00+00:00,0.7358773917117762,-1,-1
2025-05-08 16:30:00+00:00,0.6194057313812456,-1,-1
2025-05-08 17:30:00+00:00,0.5205993080793154,-1,-1
2025-05-08 18:30:00+00:00,0.5553793251494072,-1,-1
2025-05-08 19:30:00+00:00,0.39164763953443466,-1,-1
2025-05-09 13:30:00+00:00,0.3617474735890196,-1,-1
2025-05-09 14:30:00+00:00,0.27560019306558986,0,-1
2025-05-09 15:30:00+00:00,0.24975206148608167,0,-1
2025-05-09 16:30:00+00:00,0.18701106998965883,0,-1
2025-05-09 17:30:00+00:00,0.19773681735620044,0,-1
2025-05-09 18:30:00+00:00,0.21211484552707785,0,-1
2025-05-09 19:30:00+00:00,0.11862288748386753,0,-1
2025-05-12 13:30:00+00:00,-0.3125784361334586,0,-1
2025-05-12 14:30:00+00:00,-0.2690249738322877,0,-1
2025-05-12 15:30:00+00:00,-0.32859437747100173,0,-1
2025-05-12 16:30:00+00:00,-0.3866371087391801,0,-1
2025-05-12 17:30:00+00:00,-0.2890111825298036,0,-1
2025-05-12 18:30:00+00:00,-0.23937968701120457,0,-1
2025-05-12 19:30:00+00:00,-0.17030256195617208,0,-1
2025-05-13 13:30:00+00:00,-0.2743606424882123,0,-1
2025-05-13 14:30:00+00:00,-0.3746927197544479,0,-1
2025-05-13 15:30:00+00:00,-0.4427288475350782,0,-1
2025-05-13 16:30:00+00:00,-0.3404273795832399,0,-1
2025-05-13 17:30:00+00:00,-0.4184024810760784,0,-1
2025-05-13 18:30:00+00:00,-0.37376080765140446,0,-1
2025-05-13 19:30:00+00:00,-0.43892356382663117,0,-1
2025-05-14 13:30:00+00:00,-0.4989452766544348,0,-1
2025-05-14 14:30:00+00:00,-0.48884456467919535,0,-1
2025-05-14 15:30:00+00:00,-0.5090719769445413,0,-1
2025-05-14 16:30:00+00:00,-0.49378625527691616,0,-1
2025-05-14 17:30:00+00:00,-0.38448297047149316,0,-1
2025-05-14 18:30:00+00:00,-0.36198619500179535,0,-1
2025-05-14 19:30:00+00:00,-0.42472652764720986,0,-1
2025-05-15 13:30:00+00:00,0.08615059456761787,0,-1
2025-05-15 14:30:00+00:00,0.18609425361081613,0,-1
2025-05-15 15:30:00+00:00,0.33492956079250924,0,-1
2025-05-15 16:30:00+00:00,0.3258287241181245,0,-1
2025-05-15 17:30:00+00:00,0.3628385425778373,0,-1
2025-05-15 18:30:00+00:00,0.5118081677931849,0,-1
2025-05-15 19:30:00+00:00,0.5569837208556777,0,-1
2025-05-16 13:30:00+00:00,0.5343350047272118,0,-1
2025-05-16 14:30:00+00:00,0.5070409383046907,0,-1
2025-05-16 15:30:00+00:00,0.5745612936986938,0,-1
2025-05-16 16:30:00+00:00,0.6124581668109556,0,-1
2025-05-16 17:30:00+00:00,0.6744760015122491,0,-1
2025-05-16 18:30:00+00:00,0.7069418121584842,0,-1
2025-05-16 19:30:00+00:00,0.6963858845166107,0,-1
2025-05-19 13:30:00+00:00,0.6534521628335496,0,-1
2025-05-19 14:30:00+00:00,0.6589391069244657,0,-1
2025-05-19 15:30:00+00:00,0.6363276411827679,0,-1
2025-05-19 16:30:00+00:00,0.6476394038452722,0,-1
2025-05-19 17:30:00+00:00,0.5766454607275422,0,-1
2025-05-19 18:30:00+00:00,0.5633652510741132,0,-1
2025-05-19 19:30:00+00:00,0.6591837975746143,0,-1
2025-05-20 13:30:00+00:00,0.6581779340618195,0,-1
2025-05-20 14:30:00+00:00,0.688874067720538,0,-1
2025-05-20 15:30:00+00:00,0.5270818965502169,0,-1
2025-05-20 16:30:00+00:00,0.5322986362619548,0,-1
2025-05-20 17:30:00+00:00,0.5154386182868779,0,-1
2025-05-20 18:30:00+00:00,0.5571166857223823,0,-1
2025-05-20 19:30:00+00:00,0.5837628450225052,0,-1
2025-05-21 13:30:00+00:00,0.5413194953323456,0,-1
2025-05-21 14:30:00+00:00,0.5705531748024972,0,-1
2025-05-21 15:30:00+00:00,0.5235621516534538,0,-1
2025-05-21 16:30:00+00:00,0.576483334941336,0,-1
2025-05-21 17:30:00+00:00,0.5414370064455845,0,-1
2025-05-21 18:30:00+00:00,0.5958732832508514,0,-1
2025-05-21 19:30:00+00:00,0.5490869179338883,0,-1
2025-05-22 13:30:00+00:00,0.29513519322928805,0,-1
2025-05-22 14:30:00+00:00,0.25740628952425654,0,-1
2025-05-22 15:30:00+00:00,0.3788589168006923,0,-1
2025-05-22 16:30:00+00:00,0.3787498316293237,0,-1
2025-05-22 17:30:00+00:00,0.45441073809850796,0,-1
2025-05-22 18:30:00+00:00,0.4744530779470725,0,-1
2025-05-22 19:30:00+00:00,0.3217943170694303,0,-1
2025-05-23 13:30:00+00:00,0.25971860568015204,0,-1
2025-05-23 14:30:00+00:00,0.42161123640446235,0,-1
2025-05-23 15:30:00+00:00,0.47614920829039764,0,-1
2025-05-23 16:30:00+00:00,0.5395718297950195,0,-1
2025-05-23 17:30:00+00:00,0.567998400098428,0,-1
2025-05-23 18:30:00+00:00,0.5385793409100741,0,-1
2025-05-23 19:30:00+00:00,0.515945720505809,0,-1
2025-05-27 13:30:00+00:00,0.4600529623540808,0,-1
2025-05-27 14:30:00+00:00,0.5303567512541173,0,-1
2025-05-27 15:30:00+00:00,0.5092475365824459,0,-1
2025-05-27 16:30:00+00:00,0.5255108091822133,0,-1
2025-05-27 17:30:00+00:00,0.6257604740336437,0,-1
2025-05-27 18:30:00+00:00,0.61891166008417,-1,-1
2025-05-27 19:30:00+00:00,0.5966500612655974,-1,-1
2025-05-28 13:30:00+00:00,0.5481464789711812,-1,-1
2025-05-28 14:30:00+00:00,0.44719695641518803,-1,-1
2025-05-28 15:30:00+00:00,0.44266851591161666,-1,-1
2025-05-28 16:30:00+00:00,0.4801126528916812,-1,-1
2025-05-28 17:30:00+00:00,0.37901012743157697,-1,-1
2025-05-28 18:30:00+00:00,0.40991409688248054,-1,-1
2025-05-28 19:30:00+00:00,0.3502340330524106,-1,-1
2025-05-29 13:30:00+00:00,0.3480274347746602,-1,-1
2025-05-29 14:30:00+00:00,0.30832809178730963,-1,-1
2025-05-29 15:30:00+00:00,0.28903810576706773,-1,-1
2025-05-29 16:30:00+00:00,0.4276074468567286,-1,-1
2025-05-29 17:30:00+00:00,0.4807034254248802,-1,-1
2025-05-29 18:30:00+00:00,0.5201510148872934,-1,-1
2025-05-29 19:30:00+00:00,0.5168247779286013,-1,-1
2025-05-30 13:30:00+00:00,0.6438606404442465,-1,-1
2025-05-30 14:30:00+00:00,0.6514961327918246,-1,-1
2025-05-30 15:30:00+00:00,0.5820067238023856,-1,-1
2025-05-30 16:30:00+00:00,0.6609508339500504,-1,-1
2025-05-30 17:30:00+00:00,0.719564299714021,-1,-1
2025-05-30 18:30:00+00:00,0.8065877399366913,-1,-1
2025-05-30 19:30:00+00:00,0.705084880310242,-1,-1
2025-06-02 13:30:00+00:00,0.46495136443604823,-1,-1
2025-06-02 14:30:00+00:00,0.47436582308634684,-1,-1
2025-06-02 15:30:00+00:00,0.4519052436236044,-1,-1
2025-06-02 16:30:00+00:00,0.4976049728370616,-1,-1
2025-06-02 17:30:00+00:00,0.5881542112673729,-1,-1
2025-06-02 18:30:00+00:00,0.6053859119171923,-1,-1
2025-06-02 19:30:00+00:00,0.6629734761309615,-1,-1
2025-06-03 13:30:00+00:00,0.17197003897218235,0,-1
2025-06-03 14:30:00+00:00,0.21056476782591685,0,-1
2025-06-03 15:30:00+00:00,0.28607893257092865,-1,-1
2025-06-03 16:30:00+00:00,0.4079548298669543,-1,-1
2025-06-03 17:30:00+00:00,0.42683428108348925,-1,-1
2025-06-03 18:30:00+00:00,0.41981614455984506,-1,-1
2025-06-03 19:30:00+00:00,0.40880504986355265,-1,-1
2025-06-04 13:30:00+00:00,0.41610961147221937,-1,-1
2025-06-04 14:30:00+00:00,0.46358549994320275,-1,-1
2025-06-04 15:30:00+00:00,0.515744624095105,-1,-1
2025-06-04 16:30:00+00:00,0.6033045845676844,-1,-1
2025-06-04 17:30:00+00:00,0.6043104480804792,-1,-1
2025-06-04 18:30:00+00:00,0.5546524322544589,-1,-1
2025-06-04 19:30:00+00:00,0.4653628708691862,-1,-1
2025-06-05 13:30:00+00:00,0.38885971509887807,-1,-1
2025-06-05 14:30:00+00:00,0.3277360181269304,-1,-1
2025-06-05 15:30:00+00:00,0.36303546321470576,-1,-1
2025-06-05 16:30:00+00:00,0.39131305341147987,-1,-1
2025-06-05 17:30:00+00:00,0.3149431302419512,-1,-1
2025-06-05 18:30:00+00:00,0.31015026489858116,-1,-1
2025-06-05 19:30:00+00:00,0.2921830272409912,-1,-1
2025-06-06 13:30:00+00:00,0.38297284692944694,-1,-1
2025-06-06 14:30:00+00:00,0.361274679785138,-1,-1
2025-06-06 15:30:00+00:00,0.30193623716548146,-1,-1
2025-06-06 16:30:00+00:00,0.33852367187893806,-1,-1
2025-06-06 17:30:00+00:00,0.37129284772132487,-1,-1
2025-06-06 18:30:00+00:00,0.36644669595956214,-1,-1
2025-06-06 19:30:00+00:00,0.3895304118839391,-1,-1
2025-06-09 13:30:00+00:00,0.3300480311980452,-1,-1
2025-06-09 14:30:00+00:00,0.39282243459674804,-1,-1
2025-06-09 15:30:00+00:00,0.4675603462648465,-1,-1
2025-06-09 16:30:00+00:00,0.4713830273986246,-1,-1
2025-06-09 17:30:00+00:00,0.4764648049726572,-1,-1
2025-06-09 18:30:00+00:00,0.5100087094450921,-1,-1
2025-06-09 19:30:00+00:00,0.5283927942418127,-1,-1
2025-06-10 13:30:00+00:00,0.5948627063731332,-1,-1
2025-06-10 14:30:00+00:00,0.6782830711211542,-1,-1
2025-06-10 15:30:00+00:00,0.7472071996448438,-1,-1
2025-06-10 16:30:00+00:00,0.9107653294353294,-1,-1
2025-06-10 17:30:00+00:00,0.7931716575458564,-1,-1
2025-06-10 18:30:00+00:00,0.8306623528707537,-1,-1
2025-06-10 19:30:00+00:00,0.8187376630124831,-1,-1
2025-06-11 13:30:00+00:00,0.5876925619429443,-1,-1
2025-06-11 14:30:00+00:00,0.6180257968980604,-1,-1
2025-06-11 15:30:00+00:00,0.655411839936901,-1,-1
2025-06-11 16:30:00+00:00,0.6753790050122185,-1,-1
2025-06-11 17:30:00+00:00,0.6279296368486562,-1,-1
2025-06-11 18:30:00+00:00,0.6074091347028775,-1,-1
2025-06-11 19:30:00+00:00,0.6468302038578745,-1,-1
2025-06-12 13:30:00+00:00,0.723887277303418,-1,-1
2025-06-12 14:30:00+00:00,0.6659801515140196,-1,-1
2025-06-12 15:30:00+00:00,0.5748273104137473,-1,-1
2025-06-12 16:30:00+00:00,0.6070359402345251,-1,-1
2025-06-12 17:30:00+00:00,0.6964032819419418,-1,-1
2025-06-12 18:30:00+00:00,0.7674720959851524,-1,-1
2025-06-12 19:30:00+00:00,0.7947090278184744,-1,-1
2025-06-13 13:30:00+00:00,0.6257303691797645,-1,-1
2025-06-13 14:30:00+00:00,0.5167266079125591,-1,-1
2025-06-13 15:30:00+00:00,0.532706524663176,-1,-1
2025-06-13 16:30:00+00:00,0.4321391085771595,-1,-1
2025-06-13 17:30:00+00:00,0.32197925058611576,0,-1
2025-06-13 18:30:00+00:00,0.2572638782821543,0,-1
2025-06-13 19:30:00+00:00,0.3072788911465415,0,-1
2025-06-16 13:30:00+00:00,0.4593359643356583,-1,-1
2025-06-16 14:30:00+00:00,0.12255228091100384,0,-1
2025-06-16 15:30:00+00:00,0.11757958850833493,0,-1
2025-06-16 16:30:00+00:00,0.07150546483117966,0,-1
2025-06-16 17:30:00+00:00,0.14166068371240703,0,-1
2025-06-16 18:30:00+00:00,0.10684235175446113,0,-1
2025-06-16 19:30:00+00:00,0.16937666229548382,0,-1
2025-06-17 13:30:00+00:00,0.09011299057218505,0,-1
2025-06-17 14:30:00+00:00,0.07472261661850317,0,-1
2025-06-17 15:30:00+00:00,0.05074817566357301,0,-1
2025-06-17 16:30:00+00:00,-0.07190096318237009,0,-1
2025-06-17 17:30:00+00:00,-0.11931289588319452,0,-1
2025-06-17 18:30:00+00:00,-0.09158600214479624,0,-1
2025-06-17 19:30:00+00:00,-0.23279263764390798,0,-1
2025-06-18 13:30:00+00:00,-0.243728861414715,0,-1
2025-06-18 14:30:00+00:00,-0.3177810517504268,0,-1
2025-06-18 15:30:00+00:00,-0.34983979833596873,0,-1
2025-06-18 16:30:00+00:00,-0.2997133073124758,0,-1
2025-06-18 17:30:00+00:00,-0.3607982333872024,0,-1
2025-06-18 18:30:00+00:00,-0.3487044786339629,0,-1
2025-06-18 19:30:00+00:00,-0.38590362111611726,0,-1
2025-06-20 13:30:00+00:00,-0.302344119451917,0,-1
2025-06-20 14:30:00+00:00,-0.2631225458240543,0,-1
2025-06-20 15:30:00+00:00,-0.3442476878390125,0,-1
2025-06-20 16:30:00+00:00,-0.265582614031009,0,-1
2025-06-20 17:30:00+00:00,-0.28240856307359075,0,-1
2025-06-20 18:30:00+00:00,-0.39456873414423005,0,-1
2025-06-20 19:30:00+00:00,-0.5080505082796467,0,-1
2025-06-23 13:30:00+00:00,-0.2604711807642421,0,-1
2025-06-23 14:30:00+00:00,-0.3147899815194636,0,-1
2025-06-23 15:30:00+00:00,-0.4121139254810707,0,-1
2025-06-23 16:30:00+00:00,-0.33397857630680866,0,-1
2025-06-23 17:30:00+00:00,-0.3345667082279272,0,-1
2025-06-23 18:30:00+00:00,-0.22070667033828018,0,-1
2025-06-23 19:30:00+00:00,-0.20271115621372918,0,-1
2025-06-24 13:30:00+00:00,-0.14349841404918212,0,-1
2025-06-24 14:30:00+00:00,-0.09976082178746794,0,-1
2025-06-24 15:30:00+00:00,0.012370195794254928,0,-1
2025-06-24 16:30:00+00:00,0.05827928801115442,0,-1
2025-06-24 17:30:00+00:00,-0.00670077154440555,0,-1
2025-06-24 18:30:00+00:00,0.05650244988122003,0,-1
2025-06-24 19:30:00+00:00,0.031078532163387927,0,-1
2025-06-25 13:30:00+00:00,-0.14352959656605155,0,-1
2025-06-25 14:30:00+00:00,-0.20912430197737805,0,-1
2025-06-25 15:30:00+00:00,-0.2559318251053492,0,-1
2025-06-25 16:30:00+00:00,-0.2957228558387323,0,-1
2025-06-25 17:30:00+00:00,-0.3242713666906868,0,-1
2025-06-25 18:30:00+00:00,-0.22883313936289262,0,-1
2025-06-25 19:30:00+00:00,-0.2707340671379076,0,-1
2025-06-26 13:30:00+00:00,-0.309197623398169,0,-1
2025-06-26 14:30:00+00:00,-0.3919095817915429,0,-1
2025-06-26 15:30:00+00:00,-0.3741239634664832,0,-1
2025-06-26 16:30:00+00:00,-0.36727514951700957,0,-1
2025-06-26 17:30:00+00:00,-0.4259862046922434,0,-1
2025-06-26 18:30:00+00:00,-0.36058788074896303,0,-1
2025-06-26 19:30:00+00:00,-0.31677075535232513,0,-1
2025-06-27 13:30:00+00:00,-0.03992775505328684,0,-1
2025-06-27 14:30:00+00:00,-0.027857192594073644,0,-1
2025-06-27 15:30:00+00:00,0.07538297885302667,0,-1
2025-06-27 16:30:00+00:00,0.05486189610247385,0,-1
2025-06-27 17:30:00+00:00,-0.03093930253790553,0,-1
2025-06-27 18:30:00+00:00,-0.003276364569671193,0,-1
2025-06-27 19:30:00+00:00,0.0756910446685602,0,-1
2025-06-30 13:30:00+00:00,0.1292177193684074,0,-1
2025-06-30 14:30:00+00:00,0.1260645233512429,0,-1
2025-06-30 15:30:00+00:00,0.12811368583957033,0,-1
2025-06-30 16:30:00+00:00,0.13043405928546764,0,-1
2025-06-30 17:30:00+00:00,0.09115628954772258,0,-1
2025-06-30 18:30:00+00:00,0.19092636848057587,0,-1
2025-06-30 19:30:00+00:00,0.25391581101281924,0,-1
2025-07-01 13:30:00+00:00,0.6591292217980118,-1,-1
2025-07-01 14:30:00+00:00,0.8783239233299764,-1,-1
2025-07-01 15:30:00+00:00,0.7345174288841615,-1,-1
2025-07-01 16:30:00+00:00,0.6389406651631124,-1,-1
2025-07-01 17:30:00+00:00,0.7222059606269426,-1,-1
2025-07-01 18:30:00+00:00,0.7146567083681272,-1,-1
2025-07-01 19:30:00+00:00,0.7072032495247496,-1,-1
2025-07-02 13:30:00+00:00,0.5944696598019606,0,-1
2025-07-02 14:30:00+00:00,0.5158937189594557,0,-1
2025-07-02 15:30:00+00:00,0.469416843079384,0,-1
2025-07-02 16:30:00+00:00,0.5302891445556642,0,-1
2025-07-02 17:30:00+00:00,0.5084806527842043,0,-1
2025-07-02 18:30:00+00:00,0.42908880073600936,0,-1
2025-07-02 19:30:00+00:00,0.4941559924440809,0,-1
2025-07-03 13:30:00+00:00,0.3959537339214431,0,-1
2025-07-03 14:30:00+00:00,0.5106607307545334,0,-1
2025-07-03 15:30:00+00:00,0.5738400724848182,0,-1
2025-07-07 13:30:00+00:00,0.49326632371372875,0,-1
2025-07-07 14:30:00+00:00,0.45481632322086935,0,-1
2025-07-07 15:30:00+00:00,0.37282868283217796,0,-1
2025-07-07 16:30:00+00:00,0.4782084758757002,0,-1
2025-07-07 17:30:00+00:00,0.4041817003048029,0,-1
2025-07-07 18:30:00+00:00,0.3908216523233445,0,-1
2025-07-07 19:30:00+00:00,0.45156231657557727,0,-1
2025-07-08 13:30:00+00:00,0.1792214935841704,0,-1
2025-07-08 14:30:00+00:00,0.1583640324374314,0,-1
2025-07-08 15:30:00+00:00,0.1899937992955448,0,-1
2025-07-08 16:30:00+00:00,0.2581281682690924,0,-1
2025-07-08 17:30:00+00:00,0.2371171236134682,0,-1
2025-07-08 18:30:00+00:00,0.30719747156921506,0,-1
2025-07-08 19:30:00+00:00,0.20636673767145483,0,-1
2025-07-09 13:30:00+00:00,-0.03991368506294707,0,-1
2025-07-09 14:30:00+00:00,-0.21810423716132288,0,-1
2025-07-09 15:30:00+00:00,-0.1606696758516747,0,-1
2025-07-09 16:30:00+00:00,-0.20090675075738665,0,-1
2025-07-09 17:30:00+00:00,-0.19076855470718457,0,-1
2025-07-09 18:30:00+00:00,-0.08506271781802353,0,-1
2025-07-09 19:30:00+00:00,-0.08317747338912872,0,-1
2025-07-10 13:30:00+00:00,0.010183569172079845,0,-1
2025-07-10 14:30:00+00:00,-0.029846250546221302,0,-1
2025-07-10 15:30:00+00:00,0.007981403779636354,0,-1
2025-07-10 16:30:00+00:00,0.012411674267165534,0,-1
2025-07-10 17:30:00+00:00,0.029362895000965842,0,-1
2025-07-10 18:30:00+00:00,0.051772589473632113,0,-1
2025-07-10 19:30:00+00:00,0.07596276984907284,0,-1
2025-07-11 13:30:00+00:00,0.009573349828846972,0,-1
2025-07-11 14:30:00+00:00,0.022359755443816506,0,-1
2025-07-11 15:30:00+00:00,0.043923556565127815,0,-1
2025-07-11 16:30:00+00:00,0.11725849177094581,0,-1
2025-07-11 17:30:00+00:00,0.09617315679461032,0,-1
2025-07-11 18:30:00+00:00,0.15880770373174988,0,-1
2025-07-11 19:30:00+00:00,0.08435575983447194,0,-1
2025-07-14 13:30:00+00:00,-0.029347422870526264,0,-1
2025-07-14 14:30:00+00:00,0.015182524770698614,0,-1
2025-07-14 15:30:00+00:00,-0.012725103847684365,0,-1
2025-07-14 16:30:00+00:00,-0.01433265504899966,0,-1
2025-07-14 17:30:00+00:00,-0.04464849257878464,0,-1
2025-07-14 18:30:00+00:00,-0.08690641739217149,0,-1
2025-07-14 19:30:00+00:00,-0.0457525261076217,0,-1
2025-07-15 13:30:00+00:00,-0.14007873566572732,0,-1
2025-07-15 14:30:00+00:00,-0.151282645329488,0,-1
2025-07-15 15:30:00+00:00,-0.17100864481927305,0,-1
2025-07-15 16:30:00+00:00,-0.10678010244822503,0,-1
2025-07-15 17:30:00+00:00,-0.1649210037324456,0,-1
2025-07-15 18:30:00+00:00,-0.07500234989869048,0,-1
2025-07-15 19:30:00+00:00,-0.15809812948561908,0,-1
2025-07-16 13:30:00+00:00,-0.2465734773934081,0,-1
2025-07-16 14:30:00+00:00,-0.2179530265304382,0,-1
2025-07-16 15:30:00+00:00,-0.18493651942582232,0,-1
2025-07-16 16:30:00+00:00,-0.1468202567170686,0,-1
2025-07-16 17:30:00+00:00,-0.14370449616264191,0,-1
2025-07-16 18:30:00+00:00,-0.10845930335816131,0,-1
2025-07-16 19:30:00+00:00,-0.12334733147152172,0,-1
2025-07-17 13:30:00+00:00,0.3860646115149474,0,-1
2025-07-17 14:30:00+00:00,0.4006038873922586,0,-1
2025-07-17 15:30:00+00:00,0.379609936314199,0,-1
2025-07-17 16:30:00+00:00,0.40340732401261925,0,-1
2025-07-17 17:30:00+00:00,0.43500023601276894,-1,-1
2025-07-17 18:30:00+00:00,0.6368562414717702,-1,-1
2025-07-17 19:30:00+00:00,0.7268621799071694,-1,-1
2025-07-18 13:30:00+00:00,0.7096673341153087,-1,-1
2025-07-18 14:30:00+00:00,0.5840459438220444,-1,-1
2025-07-18 15:30:00+00:00,0.5296669891182976,-1,-1
2025-07-18 16:30:00+00:00,0.4940290036368014,0,-1
2025-07-18 17:30:00+00:00,0.4658415879587742,0,-1
2025-07-18 18:30:00+00:00,0.500155661579132,0,-1
2025-07-18 19:30:00+00:00,0.37491514801957554,0,-1
2025-07-21 13:30:00+00:00,0.33956061293225986,0,-1
2025-07-21 14:30:00+00:00,0.35876982636179067,0,-1
2025-07-21 15:30:00+00:00,0.4618637305895381,0,-1
2025-07-21 16:30:00+00:00,0.4828429312271203,0,-1
2025-07-21 17:30:00+00:00,0.5199353523929788,0,-1
2025-07-21 18:30:00+00:00,0.4826625001948972,0,-1
2025-07-21 19:30:00+00:00,0.42167352424919374,0,-1
2025-07-22 13:30:00+00:00,0.29861123000490863,0,-1
2025-07-22 14:30:00+00:00,0.29787009517967405,0,-1
2025-07-22 15:30:00+00:00,0.3677974402313098,0,-1
2025-07-22 16:30:00+00:00,0.3392919762049391,0,-1
2025-07-22 17:30:00+00:00,0.41114200114820254,0,-1
2025-07-22 18:30:00+00:00,0.31900711760390194,0,-1
2025-07-22 19:30:00+00:00,0.4066633800426141,0,-1
2025-07-23 13:30:00+00:00,0.25649326041079584,0,-1
2025-07-23 14:30:00+00:00,0.06784851215973253,0,-1
2025-07-23 15:30:00+00:00,0.11103696266682228,0,-1
2025-07-23 16:30:00+00:00,0.2295846149153057,0,-1
2025-07-23 17:30:00+00:00,0.1784875566041269,0,-1
2025-07-23 18:30:00+00:00,0.13522423517155663,0,-1
2025-07-23 19:30:00+00:00,0.23856589459323074,0,-1
2025-07-24 13:30:00+00:00,0.3076229816108566,0,-1
2025-07-24 14:30:00+00:00,0.3403965903385552,0,-1
2025-07-24 15:30:00+00:00,0.26228204170900254,0,-1
2025-07-24 16:30:00+00:00,0.20889745475794996,0,-1
2025-07-24 17:30:00+00:00,0.153033390156658,0,-1
2025-07-24 18:30:00+00:00,0.14644449103964907,0,-1
2025-07-24 19:30:00+00:00,0.16327585752312826,0,-1
2025-07-25 13:30:00+00:00,0.02275218713134906,0,-1
2025-07-25 14:30:00+00:00,0.0022704078934483994,0,-1
2025-07-25 15:30:00+00:00,0.047290317439749596,0,-1
2025-07-25 16:30:00+00:00,0.06947363263403927,0,-1
2025-07-25 17:30:00+00:00,0.06735829314318977,0,-1
2025-07-25 18:30:00+00:00,0.15993665602441684,0,-1
2025-07-25 19:30:00+00:00,0.1502515670213274,0,-1
2025-07-28 13:30:00+00:00,-0.07197574773504532,0,-1
2025-07-28 14:30:00+00:00,-0.03455138291961443,0,-1
2025-07-28 15:30:00+00:00,-0.17360662168091312,0,-1
2025-07-28 16:30:00+00:00,-0.23604029487513936,0,-1
2025-07-28 17:30:00+00:00,-0.2617039454199806,0,-1
2025-07-28 18:30:00+00:00,-0.2682467535612221,0,-1
2025-07-28 19:30:00+00:00,-0.29162150879072185,0,-1
2025-07-29 13:30:00+00:00,-0.022874024323572807,0,-1
2025-07-29 14:30:00+00:00,0.17959839589628127,0,-1
2025-07-29 15:30:00+00:00,0.2072504187091941,0,-1
2025-07-29 16:30:00+00:00,0.12204506366086197,0,-1
2025-07-29 17:30:00+00:00,0.10057351315790049,0,-1
2025-07-29 18:30:00+00:00,0.14371081888738732,0,-1
2025-07-29 19:30:00+00:00,0.24043732614325716,0,-1
2025-07-30 13:30:00+00:00,0.12754214190435403,0,-1
2025-07-30 14:30:00+00:00,0.17055389882437377,0,-1
2025-07-30 15:30:00+00:00,0.20817371735804646,0,-1
2025-07-30 16:30:00+00:00,0.14460759722881844,0,-1
2025-07-30 17:30:00+00:00,0.19108531612546903,0,-1
2025-07-30 18:30:00+00:00,-0.04860336724485307,0,-1
2025-07-30 19:30:00+00:00,-0.012580184757174208,0,-1
2025-07-31 13:30:00+00:00,-0.2547519479643739,0,-1
2025-07-31 14:30:00+00:00,-0.36068976807513564,0,-1
2025-07-31 15:30:00+00:00,-0.2425344845719653,0,-1
2025-07-31 16:30:00+00:00,-0.2768254255348654,0,-1
2025-07-31 17:30:00+00:00,-0.2768254255348654,0,-1
2025-07-31 18:30:00+00:00,-0.4120077951125297,0,-1
2025-07-31 19:30:00+00:00,-0.4931864926252947,1,1
2025-08-01 13:30:00+00:00,-0.24547599251641697,0,1
2025-08-01 14:30:00+00:00,-0.08741193712002113,0,1
2025-08-01 15:30:00+00:00,-0.11692559192510904,0,1
2025-08-01 16:30:00+00:00,-0.08600527254726481,0,1
2025-08-01 17:30:00+00:00,-0.09558955092223158,0,1
2025-08-01 18:30:00+00:00,-0.12021750092675523,0,1
2025-08-01 19:30:00+00:00,-0.11647353237638683,0,1
2025-08-04 13:30:00+00:00,-0.20688068305790347,0,1
2025-08-04 14:30:00+00:00,-0.20864771943333957,0,1
2025-08-04 15:30:00+00:00,-0.14763574824484094,0,1
2025-08-04 16:30:00+00:00,-0.13096229191549524,0,1
2025-08-04 17:30:00+00:00,-0.09537317285273061,0,1
2025-08-04 18:30:00+00:00,-0.04315009293066933,0,1
2025-08-04 19:30:00+00:00,-0.07390960175477279,0,1
2025-08-05 13:30:00+00:00,0.013343772304800338,0,1
2025-08-05 14:30:00+00:00,-0.021303585091692567,0,1
2025-08-05 15:30:00+00:00,-0.07831021996271291,0,1
2025-08-05 16:30:00+00:00,0.01184588687962778,0,1
2025-08-05 17:30:00+00:00,-0.03157738662067959,0,1
2025-08-05 18:30:00+00:00,-0.019188197611495057,0,1
2025-08-05 19:30:00+00:00,-0.04618328862115355,0,1
2025-08-06 13:30:00+00:00,0.04164788280899568,0,1
2025-08-06 14:30:00+00:00,0.12365940289302785,0,1
2025-08-06 15:30:00+00:00,0.1717306680624471,0,1
2025-08-06 16:30:00+00:00,0.19121476282754704,0,1
2025-08-06 17:30:00+00:00,0.2745142725372654,0,1
2025-08-06 18:30:00+00:00,0.25359285562036743,0,1
2025-08-06 19:30:00+00:00,0.17036499561927498,0,1
2025-08-07 13:30:00+00:00,0.3951998252858243,-1,-1
2025-08-07 14:30:00+00:00,0.34313623053788384,0,-1
2025-08-07 15:30:00+00:00,0.48811983716478996,-1,-1
2025-08-07 16:30:00+00:00,0.5926467695996335,-1,-1
2025-08-07 17:30:00+00:00,0.6658894364546398,-1,-1
2025-08-07 18:30:00+00:00,0.5614981094985813,-1,-1
2025-08-07 19:30:00+00:00,0.6176614980031003,-1,-1
2025-08-08 13:30:00+00:00,0.7285788162798483,-1,-1
2025-08-08 14:30:00+00:00,0.6333986304233076,-1,-1
2025-08-08 15:30:00+00:00,0.667715415110154,-1,-1
2025-08-08 16:30:00+00:00,0.6135896933338667,-1,-1
2025-08-08 17:30:00+00:00,0.6260856982927039,-1,-1
2025-08-08 18:30:00+00:00,0.6113719025873056,0,-1
2025-08-08 19:30:00+00:00,0.6204390878881144,0,-1
2025-08-11 13:30:00+00:00,0.5492629809467666,0,-1
2025-08-11 14:30:00+00:00,0.5393084972981785,0,-1
2025-08-11 15:30:00+00:00,0.6020164026964939,0,-1
2025-08-11 16:30:00+00:00,0.5914221551393322,0,-1
2025-08-11 17:30:00+00:00,0.745382450787454,-1,-1
2025-08-11 18:30:00+00:00,0.7679797013210696,-1,-1
2025-08-11 19:30:00+00:00,0.7632532745885366,-1,-1
2025-08-12 13:30:00+00:00,0.6836965615970348,0,-1
2025-08-12 14:30:00+00:00,0.6581461612825079,0,-1
2025-08-12 15:30:00+00:00,0.7313111630524951,0,-1
2025-08-12 16:30:00+00:00,0.7768173463934017,-1,-1
2025-08-12 17:30:00+00:00,0.7638086610437006,0,-1
2025-08-12 18:30:00+00:00,0.7455504782388908,0,-1
2025-08-12 19:30:00+00:00,0.8229813655433581,-1,-1
2025-08-13 13:30:00+00:00,0.7073298203555516,0,-1
2025-08-13 14:30:00+00:00,0.8351021705692807,-1,-1
2025-08-13 15:30:00+00:00,0.8320475813855066,-1,-1
2025-08-13 16:30:00+00:00,0.7698157866512834,-1,-1
2025-08-13 17:30:00+00:00,0.8015019199814961,-1,-1
2025-08-13 18:30:00+00:00,0.8075977309711622,-1,-1
2025-08-13 19:30:00+00:00,0.8250741222711352,-1,-1
2025-08-14 13:30:00+00:00,0.5568973722997687,0,-1
2025-08-14 14:30:00+00:00,0.5769550134526664,0,-1
2025-08-14 15:30:00+00:00,0.4979675661770283,0,-1
2025-08-14 16:30:00+00:00,0.5233473185377647,0,-1
2025-08-14 17:30:00+00:00,0.4768822312006977,0,-1
2025-08-14 18:30:00+00:00,0.5288231850098726,0,-1
2025-08-14 19:30:00+00:00,0.47022327501330385,0,-1
2025-08-15 13:30:00+00:00,0.5577723203305618,0,-1
2025-08-15 14:30:00+00:00,0.5905067013222862,-1,-1
2025-08-15 15:30:00+00:00,0.6299716882100306,-1,-1
2025-08-15 16:30:00+00:00,0.7140149733570591,-1,-1
2025-08-15 17:30:00+00:00,0.8030707592475096,-1,-1
2025-08-15 18:30:00+00:00,0.7400844964961591,-1,-1
2025-08-15 19:30:00+00:00,0.6808280659230009,-1,-1
2025-08-18 13:30:00+00:00,0.565872269047753,-1,-1
2025-08-18 14:30:00+00:00,0.5030015737377808,-1,-1
2025-08-18 15:30:00+00:00,0.44373180997272993,-1,-1
2025-08-18 16:30:00+00:00,0.44745873912703205,-1,-1
2025-08-18 17:30:00+00:00,0.3393260427967288,0,-1
2025-08-18 18:30:00+00:00,0.3658714329046858,-1,-1
2025-08-18 19:30:00+00:00,0.37484754132112247,-1,-1
2025-08-19 13:30:00+00:00,0.6772087876961009,-1,-1
2025-08-19 14:30:00+00:00,0.646230527924491,-1,-1
2025-08-19 15:30:00+00:00,0.6842081865131145,-1,-1
2025-08-19 16:30:00+00:00,0.7791599405145674,-1,-1
2025-08-19 17:30:00+00:00,0.743204947047369,-1,-1
2025-08-19 18:30:00+00:00,0.774679070389281,-1,-1
2025-08-19 19:30:00+00:00,0.8187479493108611,-1,-1
2025-08-20 13:30:00+00:00,1.1536684863513387,-1,-1
2025-08-20 14:30:00+00:00,0.9859253573282467,-1,-1
2025-08-20 15:30:00+00:00,1.0435126421607204,-1,-1
2025-08-20 16:30:00+00:00,0.9375829671250901,-1,-1
2025-08-20 17:30:00+00:00,0.9468424588426673,-1,-1
2025-08-20 18:30:00+00:00,0.9434988244586441,-1,-1
2025-08-20 19:30:00+00:00,0.9512352938674538,-1,-1
2025-08-21 13:30:00+00:00,0.8909688903895016,-1,-1
2025-08-21 14:30:00+00:00,0.8821047750151301,-1,-1
2025-08-21 15:30:00+00:00,0.8565688642552377,-1,-1
2025-08-21 16:30:00+00:00,0.8205191614601376,-1,-1
2025-08-21 17:30:00+00:00,0.8392084301682323,-1,-1
2025-08-21 18:30:00+00:00,0.8551296639986669,-1,-1
2025-08-21 19:30:00+00:00,0.8656107207150598,-1,-1
2025-08-22 13:30:00+00:00,0.8507814895683895,-1,-1
2025-08-22 14:30:00+00:00,0.7524514464375918,-1,-1
2025-08-22 15:30:00+00:00,0.7206350253017915,-1,-1
2025-08-22 16:30:00+00:00,0.7297098843390494,-1,-1
2025-08-22 17:30:00+00:00,0.7470164559143543,-1,-1
2025-08-22 18:30:00+00:00,0.6713287833341984,-1,-1
2025-08-22 19:30:00+00:00,0.7211308888720984,-1,-1
2025-08-25 13:30:00+00:00,0.5127873395480985,-1,-1
2025-08-25 14:30:00+00:00,0.39568349565052613,-1,-1
2025-08-25 15:30:00+00:00,0.3655846167950162,0,-1
2025-08-25 16:30:00+00:00,0.37218874009434116,0,-1
2025-08-25 17:30:00+00:00,0.32929876562708343,0,-1
2025-08-25 18:30:00+00:00,0.22089874143310118,0,-1
2025-08-25 19:30:00+00:00,0.24484423115838835,0,-1
2025-08-26 13:30:00+00:00,0.14879933584290098,0,-1
2025-08-26 14:30:00+00:00,0.1259266591951017,0,-1
2025-08-26 15:30:00+00:00,0.13208353680079513,0,-1
2025-08-26 16:30:00+00:00,0.11992518141036482,0,-1
2025-08-26 17:30:00+00:00,0.17466750545982568,0,-1
2025-08-26 18:30:00+00:00,0.18913291585121814,0,-1
2025-08-26 19:30:00+00:00,0.132283098049744,0,-1
2025-08-27 13:30:00+00:00,0.06452048292781397,0,-1
2025-08-27 14:30:00+00:00,0.0882929317115784,0,-1
2025-08-27 15:30:00+00:00,0.1368489740160581,0,-1
2025-08-27 16:30:00+00:00,0.07610557317304398,0,-1
2025-08-27 17:30:00+00:00,0.15234843314110372,0,-1
2025-08-27 18:30:00+00:00,0.146874863678037,0,-1
2025-08-27 19:30:00+00:00,0.17989137078265288,0,-1
2025-08-28 13:30:00+00:00,0.04773629523023728,0,-1
2025-08-28 14:30:00+00:00,0.03325242330686863,0,-1
2025-08-28 15:30:00+00:00,0.0030920196034214635,0,-1
2025-08-28 16:30:00+00:00,0.08348664633477523,0,-1
2025-08-28 17:30:00+00:00,0.0386697107362204,0,-1
2025-08-28 18:30:00+00:00,0.10682174486917412,0,-1
2025-08-28 19:30:00+00:00,0.004601630112830905,0,-1
2025-08-29 13:30:00+00:00,0.16492077780535,0,-1
2025-08-29 14:30:00+00:00,0.14431892246408115,0,-1
2025-08-29 15:30:00+00:00,0.20599331589440473,0,-1
2025-08-29 16:30:00+00:00,0.23085494541505958,0,-1
2025-08-29 17:30:00+00:00,0.2817267565247556,0,-1
2025-08-29 18:30:00+00:00,0.3469985978713412,0,-1
2025-08-29 19:30:00+00:00,0.28927600878357096,0,-1
2025-09-02 13:30:00+00:00,0.17836305701029362,0,-1
2025-09-02 14:30:00+00:00,0.31679699225616487,0,-1
2025-09-02 15:30:00+00:00,0.3529605940777242,0,-1
2025-09-02 16:30:00+00:00,0.33351760515336626,0,-1
2025-09-02 17:30:00+00:00,0.3746101398438758,0,-1
2025-09-02 18:30:00+00:00,0.3107587138208586,0,-1
2025-09-02 19:30:00+00:00,0.3664919867984611,0,-1
2025-09-03 13:30:00+00:00,0.04078693838671593,0,-1
2025-09-03 14:30:00+00:00,0.2703145935098856,0,-1
2025-09-03 15:30:00+00:00,0.04629369291209529,0,-1
2025-09-03 16:30:00+00:00,-0.1583636777597529,0,-1
2025-09-03 17:30:00+00:00,0.15523774880956198,0,-1
2025-09-03 18:30:00+00:00,0.2049441152536366,0,-1
2025-09-03 19:30:00+00:00,0.2917284626436321,0,-1
2025-09-04 13:30:00+00:00,0.23195496553059336,0,-1
2025-09-04 14:30:00+00:00,0.1377366294753991,0,-1
2025-09-04 15:30:00+00:00,0.09479888499485624,0,-1
2025-09-04 16:30:00+00:00,0.047725748726789155,0,-1
2025-09-04 17:30:00+00:00,-0.005573420795334851,0,-1
2025-09-04 18:30:00+00:00,-0.07288776122069057,0,-1
2025-09-04 19:30:00+00:00,-0.03647739024623838,0,-1
2025-09-05 13:30:00+00:00,0.015048472583340645,0,-1
2025-09-05 14:30:00+00:00,0.027714297266850887,0,-1
2025-09-05 15:30:00+00:00,-0.10385970923923485,0,-1
2025-09-05 16:30:00+00:00,-0.11745974772691399,0,-1
2025-09-05 17:30:00+00:00,-0.19284974708629005,0,-1
2025-09-05 18:30:00+00:00,-0.1619457776353865,0,-1
2025-09-05 19:30:00+00:00,-0.15321171925702298,0,-1
2025-09-08 13:30:00+00:00,-0.4035857105894652,1,1
2025-09-08 14:30:00+00:00,-0.5201122038080599,1,1
2025-09-08 15:30:00+00:00,-0.5031511335110312,1,1
2025-09-08 16:30:00+00:00,-0.5191260827189853,1,1
2025-09-08 17:30:00+00:00,-0.5723393931221302,1,1
2025-09-08 18:30:00+00:00,-0.6136088518480534,1,1
2025-09-08 19:30:00+00:00,-0.5112666873803222,1,1
2025-09-09 13:30:00+00:00,-0.2597358790156719,0,1
2025-09-09 14:30:00+00:00,-0.34023364269016776,0,1
2025-09-09 15:30:00+00:00,-0.3154641385031885,0,1
2025-09-09 16:30:00+00:00,-0.2849643448765593,0,1
2025-09-09 17:30:00+00:00,-0.24559162633962658,0,1
2025-09-09 18:30:00+00:00,-0.25186970579330786,0,1
2025-09-09 19:30:00+00:00,-0.3030055690070891,0,1
2025-09-10 13:30:00+00:00,-0.4532245367169229,0,1
2025-09-10 14:30:00+00:00,-0.5106694325771136,0,1
2025-09-10 15:30:00+00:00,-0.49501432993587147,0,1
2025-09-10 16:30:00+00:00,-0.4333767913635116,0,1
2025-09-10 17:30:00+00:00,-0.30085475287405017,0,1
2025-09-10 18:30:00+00:00,-0.3388589317700949,0,1
2025-09-10 19:30:00+00:00,-0.34743734663226683,0,1
2025-09-11 13:30:00+00:00,-0.19543400078861223,0,1
2025-09-11 14:30:00+00:00,-0.20310378468471368,0,1
2025-09-11 15:30:00+00:00,-0.17555640778507947,0,1
2025-09-11 16:30:00+00:00,-0.2351931344871712,0,1
2025-09-11 17:30:00+00:00,-0.27555036749097084,0,1
2025-09-11 18:30:00+00:00,-0.3488936872026974,0,1
2025-09-11 19:30:00+00:00,-0.36460362273200847,0,1
2025-09-12 13:30:00+00:00,-0.4908744601044698,0,1
2025-09-12 14:30:00+00:00,-0.47858490875241627,0,1
2025-09-12 15:30:00+00:00,-0.5495035032332101,0,1
2025-09-12 16:30:00+00:00,-0.6120493941533259,1,1
2025-09-12 17:30:00+00:00,-0.5588578861812126,0,1
2025-09-12 18:30:00+00:00,-0.5691268638002358,0,1
2025-09-12 19:30:00+00:00,-0.5950623841536552,1,1
2025-09-15 13:30:00+00:00,-0.7940077944974159,1,1
2025-09-15 14:30:00+00:00,-0.923960704657388,1,1
2025-09-15 15:30:00+00:00,-0.9379410392740007,1,1
2025-09-15 16:30:00+00:00,-0.9248287087989975,1,1
2025-09-15 17:30:00+00:00,-0.9182533596994942,1,1
2025-09-15 18:30:00+00:00,-0.9734657175792872,1,1
2025-09-15 19:30:00+00:00,-0.9822985265784769,1,1
2025-09-16 13:30:00+00:00,-1.0132393508873443,1,1
2025-09-16 14:30:00+00:00,-0.9694965158114077,1,1
2025-09-16 15:30:00+00:00,-0.8879266070143876,1,1
2025-09-16 16:30:00+00:00,-0.9352668900065861,1,1
2025-09-16 17:30:00+00:00,-0.9283057696688942,1,1
2025-09-16 18:30:00+00:00,-0.9105841071139936,1,1
2025-09-16 19:30:00+00:00,-0.9839824174851964,1,1
2025-09-17 13:30:00+00:00,-0.7364900877190412,1,1
2025-09-17 14:30:00+00:00,-0.6351776664594506,1,1
2025-09-17 15:30:00+00:00,-0.7490698224739879,1,1
2025-09-17 16:30:00+00:00,-0.739160384705923,1,1
2025-09-17 17:30:00+00:00,-0.7439474475693946,1,1
2025-09-17 18:30:00+00:00,-0.7326196365719829,1,1
2025-09-17 19:30:00+00:00,-0.672745609310438,1,1
2025-09-18 13:30:00+00:00,-0.8061010924119024,1,1
2025-09-18 14:30:00+00:00,-0.7667510923607573,1,1
2025-09-18 15:30:00+00:00,-0.7679439106117416,1,1
2025-09-18 16:30:00+00:00,-0.7772883992138089,1,1
2025-09-18 17:30:00+00:00,-0.8288411573754508,1,1
2025-09-18 18:30:00+00:00,-0.847741724384669,1,1
2025-09-18 19:30:00+00:00,-0.9040781538307158,1,1
2025-09-19 13:30:00+00:00,-0.9077846869183415,1,1
2025-09-19 14:30:00+00:00,-0.9757377404071254,1,1
2025-09-19 15:30:00+00:00,-0.9585602920405958,1,1
2025-09-19 16:30:00+00:00,-0.9194387464238213,1,1
2025-09-19 17:30:00+00:00,-0.8527188496726498,1,1
2025-09-19 18:30:00+00:00,-0.8235624591645547,1,1
2025-09-19 19:30:00+00:00,-0.8608361958151721,1,1
2025-09-22 13:30:00+00:00,-0.8371510018921333,1,1
2025-09-22 14:30:00+00:00,-0.8965879798329602,1,1
2025-09-22 15:30:00+00:00,-0.8809855247141073,1,1
2025-09-22 16:30:00+00:00,-0.8725569572610067,1,1
2025-09-22 17:30:00+00:00,-0.9079312075524478,1,1
2025-09-22 18:30:00+00:00,-0.898346929177481,1,1
2025-09-22 19:30:00+00:00,-0.9632358337830527,1,1
2025-09-23 13:30:00+00:00,-1.1060889247261412,1,1
2025-09-23 14:30:00+00:00,-1.0666787707264658,1,1
2025-09-23 15:30:00+00:00,-1.0011008821356913,1,1
2025-09-23 16:30:00+00:00,-0.9604364135874005,1,1
2025-09-23 17:30:00+00:00,-0.7906835215673292,1,1
2025-09-23 18:30:00+00:00,-0.774756238355125,1,1
2025-09-23 19:30:00+00:00,-0.7528539032128662,1,1
2025-09-24 13:30:00+00:00,-0.8447928263495219,1,1
2025-09-24 14:30:00+00:00,-0.8787199841562789,1,1
2025-09-24 15:30:00+00:00,-0.8325412081930669,1,1
2025-09-24 16:30:00+00:00,-0.847619674673286,1,1
2025-09-24 17:30:00+00:00,-0.8346445749753411,1,1
2025-09-24 18:30:00+00:00,-0.8829907694696825,1,1
2025-09-24 19:30:00+00:00,-0.8429524074740702,1,1
2025-09-25 13:30:00+00:00,-0.9343168835379967,1,1
2025-09-25 14:30:00+00:00,-0.9656169417822543,1,1
2025-09-25 15:30:00+00:00,-1.0328636552964658,1,1
2025-09-25 16:30:00+00:00,-1.0116453554534308,1,1
2025-09-25 17:30:00+00:00,-1.07483898710335,1,1
2025-09-25 18:30:00+00:00,-1.061510626466857,1,1
2025-09-25 19:30:00+00:00,-1.0846981645463576,1,1
2025-09-26 13:30:00+00:00,-1.0405110775713236,1,1
2025-09-26 14:30:00+00:00,-1.0949622625884754,1,1
2025-09-26 15:30:00+00:00,-1.0826507943312564,1,1
2025-09-26 16:30:00+00:00,-1.0788299812473878,1,1
2025-09-26 17:30:00+00:00,-1.209234130404563,1,1
2025-09-26 18:30:00+00:00,-1.242458473301364,1,1
2025-09-26 19:30:00+00:00,-1.1856521199876575,1,1
2025-09-29 13:30:00+00:00,-1.1975806515038623,1,1
2025-09-29 14:30:00+00:00,-1.097622013071904,1,1
2025-09-29 15:30:00+00:00,-1.0861715790488067,1,1
2025-09-29 16:30:00+00:00,-1.1500481378715786,1,1
2025-09-29 17:30:00+00:00,-1.134640833386182,1,1
2025-09-29 18:30:00+00:00,-1.0635689118372746,1,1
2025-09-29 19:30:00+00:00,-1.0526875209545365,1,1
2025-09-30 13:30:00+00:00,-0.922907071131308,1,1
2025-09-30 14:30:00+00:00,-0.9239827920794974,1,1
2025-09-30 15:30:00+00:00,-0.9052196228222955,1,1
2025-09-30 16:30:00+00:00,-0.8544466583121167,1,1
2025-09-30 17:30:00+00:00,-0.8525440164578957,1,1
2025-09-30 18:30:00+00:00,-0.9261849574719409,1,1
2025-09-30 19:30:00+00:00,-0.951248036493467,1,1
2025-10-01 13:30:00+00:00,-0.8130589915327397,1,1
2025-10-01 14:30:00+00:00,-0.7775632064128799,1,1
2025-10-01 15:30:00+00:00,-0.8752365969669869,1,1
2025-10-01 16:30:00+00:00,-0.8703272797296979,1,1
2025-10-01 17:30:00+00:00,-0.7422481561730048,1,1
2025-10-01 18:30:00+00:00,-0.759517292285567,1,1
2025-10-01 19:30:00+00:00,-0.6937316093385643,1,1
2025-10-02 13:30:00+00:00,-0.8906665043251926,1,1
2025-10-02 14:30:00+00:00,-0.8923044174918534,1,1
2025-10-02 15:30:00+00:00,-1.0334562201028963,1,1
2025-10-02 16:30:00+00:00,-1.033493655565634,1,1
2025-10-02 17:30:00+00:00,-0.9837787468442435,1,1
2025-10-02 18:30:00+00:00,-1.0203118155632476,1,1
2025-10-02 19:30:00+00:00,-0.950493088789364,1,1
2025-10-03 13:30:00+00:00,-0.7572278720324027,1,1
2025-10-03 14:30:00+00:00,-0.7971719056699018,1,1
2025-10-03 15:30:00+00:00,-0.7316574336804691,1,1
2025-10-03 16:30:00+00:00,-0.7092502284212541,1,1
2025-10-03 17:30:00+00:00,-0.6784130735235371,1,1
2025-10-03 18:30:00+00:00,-0.6995002694545416,1,1
2025-10-03 19:30:00+00:00,-0.7769111187215975,1,1
2025-10-06 13:30:00+00:00,-0.9935547756524022,1,1
2025-10-06 14:30:00+00:00,-1.06114124549324,1,1
2025-10-06 15:30:00+00:00,-1.0637437450520286,1,1
2025-10-06 16:30:00+00:00,-1.0798339767102731,1,1
2025-10-06 17:30:00+00:00,-1.0670590668553992,1,1
2025-10-06 18:30:00+00:00,-1.105327751863495,1,1
2025-10-06 19:30:00+00:00,-1.0590463729989337,1,1
2025-10-07 13:30:00+00:00,-0.9366595319183242,1,1
2025-10-07 14:30:00+00:00,-0.7485135281981381,1,1
2025-10-07 15:30:00+00:00,-0.6171364423289208,1,1
2025-10-07 16:30:00+00:00,-0.6665058497720352,1,1
2025-10-07 17:30:00+00:00,-0.734178837155234,1,1
2025-10-07 18:30:00+00:00,-0.7766445977608107,1,1
2025-10-07 19:30:00+00:00,-0.7704815051437238,1,1
2025-10-08 13:30:00+00:00,-1.0011050329636522,1,1
2025-10-08 14:30:00+00:00,-0.9906039382098477,1,1
2025-10-08 15:30:00+00:00,-1.023889015659953,1,1
2025-10-08 16:30:00+00:00,-1.0499296456136262,1,1
2025-10-08 17:30:00+00:00,-1.0534233850859276,1,1
2025-10-08 18:30:00+00:00,-1.0889674248451555,1,1
2025-10-08 19:30:00+00:00,-1.084601463310234,1,1
2025-10-09 13:30:00+00:00,-0.8576107694846076,1,1
2025-10-09 14:30:00+00:00,-0.7769019958395074,1,1
2025-10-09 15:30:00+00:00,-0.9072841333512514,1,1
2025-10-09 16:30:00+00:00,-0.8006290581105957,1,1
2025-10-09 17:30:00+00:00,-0.8549646756863742,1,1
2025-10-09 18:30:00+00:00,-0.8254100110192354,1,1
2025-10-09 19:30:00+00:00,-0.7726244711446228,1,1
2025-10-10 13:30:00+00:00,-0.44370259443885196,1,1
2025-10-10 14:30:00+00:00,-0.3047155217575148,0,1
2025-10-10 15:30:00+00:00,-0.4088816154960573,1,1
2025-10-10 16:30:00+00:00,-0.35230365089490673,0,1
2025-10-10 17:30:00+00:00,-0.35605094622024,0,1
2025-10-10 18:30:00+00:00,-0.3405683039157465,0,1
2025-10-10 19:30:00+00:00,-0.32949647466615456,0,1
2025-10-13 13:30:00+00:00,-0.6690946028337867,1,1
2025-10-13 14:30:00+00:00,-0.5323447581296303,1,1
2025-10-13 15:30:00+00:00,-0.5977869998056582,1,1
2025-10-13 16:30:00+00:00,-0.5483399272775246,1,1
2025-10-13 17:30:00+00:00,-0.5586041390308052,1,1
2025-10-13 18:30:00+00:00,-0.5057728891502138,1,1
2025-10-13 19:30:00+00:00,-0.46649570001724283,1,1
2025-10-14 13:30:00+00:00,-0.28415700354422424,0,1
2025-10-14 14:30:00+00:00,-0.3702361179876924,0,1
2025-10-14 15:30:00+00:00,-0.36711629319982725,0,1
2025-10-14 16:30:00+00:00,-0.2576120737764923,0,1
2025-10-14 17:30:00+00:00,-0.21872567702351298,0,1
2025-10-14 18:30:00+00:00,-0.17768409212718148,0,1
2025-10-14 19:30:00+00:00,-0.11088990505530849,0,1
2025-10-15 13:30:00+00:00,-0.11242727532792159,0,1
2025-10-15 14:30:00+00:00,-0.25054144936316836,0,1
2025-10-15 15:30:00+00:00,-0.24771954335261512,0,1
2025-10-15 16:30:00+00:00,-0.30748604876774027,0,1
2025-10-15 17:30:00+00:00,-0.29138669422740554,0,1
2025-10-15 18:30:00+00:00,-0.31798303412954554,0,1
2025-10-15 19:30:00+00:00,-0.2762893615419365,0,1
2025-10-16 13:30:00+00:00,-0.03907262557799964,0,1
2025-10-16 14:30:00+00:00,0.13958550725095378,0,1
2025-10-16 15:30:00+00:00,0.053352734399111396,0,1
2025-10-16 16:30:00+00:00,0.07174330146584663,0,1
2025-10-16 17:30:00+00:00,-0.03322140059807981,0,1
2025-10-16 18:30:00+00:00,-0.041376707141172545,0,1
2025-10-16 19:30:00+00:00,-0.05020841059775553,0,1
2025-10-17 13:30:00+00:00,0.19089148394179248,0,1
2025-10-17 14:30:00+00:00,0.1457082369408328,0,1
2025-10-17 15:30:00+00:00,0.2261257615909516,0,1
2025-10-17 16:30:00+00:00,0.1921444968142878,0,1
2025-10-17 17:30:00+00:00,0.2616872947542018,0,1
2025-10-17 18:30:00+00:00,0.2793747430632193,0,1
2025-10-17 19:30:00+00:00,0.2914497952135256,0,1
2025-10-20 13:30:00+00:00,0.11946889407706462,0,1
2025-10-20 14:30:00+00:00,0.20995707455305004,0,1
2025-10-20 15:30:00+00:00,0.2809861359224638,0,1
2025-10-20 16:30:00+00:00,0.27256014335962886,0,1
2025-10-20 17:30:00+00:00,0.2596755677286171,0,1
2025-10-20 18:30:00+00:00,0.29694988498401353,0,1
2025-10-20 19:30:00+00:00,0.2914872306762683,0,1
2025-10-21 13:30:00+00:00,1.136357481890722,-1,-1
2025-10-21 14:30:00+00:00,1.0714511798598194,-1,-1
2025-10-21 15:30:00+00:00,1.066372353118402,-1,-1
2025-10-21 16:30:00+00:00,1.198467004338053,-1,-1
2025-10-21 17:30:00+00:00,1.2852598902827506,-1,-1
2025-10-21 18:30:00+00:00,1.1127863866291328,-1,-1
2025-10-21 19:30:00+00:00,1.2369311412030883,-1,-1
2025-10-22 13:30:00+00:00,1.328236539005955,-1,-1
2025-10-22 14:30:00+00:00,1.3691631370656872,-1,-1
2025-10-22 15:30:00+00:00,1.2672794007055252,-1,-1
2025-10-22 16:30:00+00:00,1.3339553797239494,-1,-1
2025-10-22 17:30:00+00:00,1.2052816040416434,0,-1
2025-10-22 18:30:00+00:00,1.1193153351552108,0,-1
2025-10-22 19:30:00+00:00,1.071632495344588,0,-1
2025-10-23 13:30:00+00:00,0.9055841723835321,0,-1
2025-10-23 14:30:00+00:00,0.7637615972107501,0,-1
2025-10-23 15:30:00+00:00,0.6762751544967062,0,-1
2025-10-23 16:30:00+00:00,0.7189796484202495,0,-1
2025-10-23 17:30:00+00:00,0.678024793446816,0,-1
2025-10-23 18:30:00+00:00,0.7866759905609566,0,-1
2025-10-23 19:30:00+00:00,0.7238601281390533,0,-1
2025-10-24 13:30:00+00:00,0.7610547835543926,0,-1
2025-10-24 14:30:00+00:00,0.7021150115329783,0,-1
2025-10-24 15:30:00+00:00,0.7260773180788224,0,-1
2025-10-24 16:30:00+00:00,0.7106326918418457,0,-1
2025-10-24 17:30:00+00:00,0.7429971112551841,0,-1
2025-10-24 18:30:00+00:00,0.6671175688949951,0,-1
2025-10-24 19:30:00+00:00,0.6453602698904811,0,-1
